{
  "venueId": "ChIJbdUPDRN6_ogRNldknOMv81o",
  "venueName": "Leyla Fine Lebanese Cuisine",
  "venueArea": "Downtown Charleston",
  "website": "http://leyla-charleston.com/",
  "scrapedAt": "2026-01-18T17:04:28.152Z",
  "trimmedAt": "2026-01-18T17:11:16.209Z",
  "pages": [
    {
      "url": "http://leyla-charleston.com/",
      "text": "× We're hiring! Call, email, or submit an inquiry today to learn more! Job Listings × Turn moments into memories! Choose us for your next special occasion or get-together. Got a birthday party, rehearsal dinner, corporate or other event coming up? We're a great option for your gathering! Inquire today and let us know how we can make your special occasion perfect! Book your party × Did you know we do catering? Whatever your occasion, however big or small, we have the perfect options to choose from. Cater your birthday party, holiday party, corporate events, wedding festivities and more! Catering Packages WELCOME TO Leyla Leyla is Charleston's premier family-owned Lebanese restaurant serving authentic Lebanese dishes in an elegant modern setting and a sophisticated atmosphere. Our extensive Middle Eastern menu offers shareable plates and a communal dining experience. With an extensive Wine and Cocktail list to choose from, you are sure to find the right pairing for your dish. our menu RESERVATIONS accommodate all your needs Whether you're celebrating a special occasion or just looking for a delicious meal, we have the perfect table for you. Book your Leyla Fine Lebanese Cuisine reservation on Resy ORDER ONLINE from the comfort of your home Our restaurant now offers the convenience of online ordering for pick-up or delivery, no need to call or wait in line. order now slideshow start stop playing Slide 1 content Slide 2 content previous slide next slide Exceptional Dining Experience Our Menu Drinks To Complement Your Meal Our Drinks GROUPS & PARTIES customizable party packages With flexible private party space and exceptional cuisine, your guests are sure to have a memorable and enjoyable experience. We can accommodate groups of any size. Inquire Today about a private party catering elevate your event Our catering team is ready to serve you. With years of experience, we're dedicated to making your event a success. inquire now about catering Reviews Start stop reviews carousel Review by - google Aleah G: five star review by Seriously the best Lebanese food I've had in so so long!! Everything, EVERYTHING is homemade. Leyla's cooking is absolutely incredible and she uses the best quality ingredients you could find. I can't wait to come back! A true Charleston gem. Review by - google Denise K: five star review by Wow! We are of Lebanese descent and the food was just as delicious as our grandmothers!! Some dishes were even better! One of the best meals I've ever had! The owner was so attentive and our server was wonderful! Can't wait to go back! Favorite dishes: the grape leaves, lamb shank, moussaka, baklava and pistachio ice cream! Review by - google Blair: five star review by We went here for a Christmas Day lunch and it was delicious! Some of the best hummus I've ever had. My drink was super good and everyone was very kind. We would love to come back and try their standard menu. Review by - google Garrett R: five star review by Easily the tastiest food I've had in South Carolina. A friend and I went in to snack on some falafel and hummus at the bar and loved it so much that we had to go for lunch the next day! This is an absolute must if you're living in Charleston or only visiting. Even if you're full, try the osmalieh for dessert. It's light and the pistachio ice cream is homemade. Review by - google Nanani A: five star review by The meal made my tummy and heart extremely happy. It's like having a home cooked meal that you can taste the joy and all the love in each bite! Leyla Fine Lebanese Cuisine 2024 Recommended Restaurant Guru Leyla Fine Lebanese Cuisine 2025 Recommended Restaurant Guru Newsletter Location 298 King Street Charleston, SC 29401 Allergen Guide Hours Sun, Wed, Thur 4:30 PM - 9:30 PM Fri, Sat 11:30 AM - 10:00 PM Find us on... Facebook page Instagram page Google page Contact us (843)-501-7500 Call us at dolly_awkar@hotmail.com Write us at Powered by: Website design, Social Media marketing and Email marketing provided by SpotHopper. × Newsletter",
      "hash": "1c67a1e241f6",
      "downloadedAt": "2026-01-18T16:54:14.681Z",
      "trimmedAt": "2026-01-18T17:11:15.956Z",
      "sizeReduction": "97.4%"
    },
    {
      "url": "http://leyla-charleston.com/charleston-king-and-society-liberty-leyla-fine-lebanese-cuisine-happy-hours-specials",
      "text": "Specials We are updating our specials Please stay tuned",
      "hash": "373f572e7b6f",
      "downloadedAt": "2026-01-18T16:54:16.032Z",
      "trimmedAt": "2026-01-18T17:11:15.959Z",
      "sizeReduction": "99.9%"
    },
    {
      "url": "http://leyla-charleston.com/charleston-king-and-society-liberty-leyla-fine-lebanese-cuisine-drink-menu",
      "text": "Our Drinks Wine Beer",
      "hash": "4335ed5a0a57",
      "downloadedAt": "2026-01-18T16:54:15.409Z",
      "trimmedAt": "2026-01-18T17:11:15.962Z",
      "sizeReduction": "100.0%"
    },
    {
      "url": "http://leyla-charleston.com/charleston-king-and-society-liberty-leyla-fine-lebanese-cuisine-events",
      "text": "Events Pinboard view Agenda view Calendar view Filter by month: All months January February March April May June July August September October November December Valentine's Day Saturday February 14th Join us on Valentine's Day for the perfect romantic evening! Read more 11:00 AM - 09:00 PM St. Patrick's Day Tuesday March 17th Grab your best green garb and join us for St. Patrick's Day! Read more 11:00 AM - 11:59 PM Easter Sunday April 5th Come celebrate Easter with us! Read more 11:00 AM - 09:00 PM 0 events on Thursday, January 1st, 2026 1 Thu 0 events on Friday, January 2nd, 2026 2 Fri 0 events on Saturday, January 3rd, 2026 3 Sat 0 events on Sunday, January 4th, 2026 4 Sun 0 events on Monday, January 5th, 2026 5 Mon 0 events on Tuesday, January 6th, 2026 6 Tue 0 events on Wednesday, January 7th, 2026 7 Wed 0 events on Thursday, January 8th, 2026 8 Thu 0 events on Friday, January 9th, 2026 9 Fri 0 events on Saturday, January 10th, 2026 10 Sat 0 events on Sunday, January 11th, 2026 11 Sun 0 events on Monday, January 12th, 2026 12 Mon 0 events on Tuesday, January 13th, 2026 13 Tue 0 events on Wednesday, January 14th, 2026 14 Wed 0 events on Thursday, January 15th, 2026 15 Thu 0 events on Friday, January 16th, 2026 16 Fri 0 events on Saturday, January 17th, 2026 17 Sat 0 events on Sunday, January 18th, 2026 18 Sun 0 events on Monday, January 19th, 2026 19 Mon 0 events on Tuesday, January 20th, 2026 20 Tue 0 events on Wednesday, January 21st, 2026 21 Wed 0 events on Thursday, January 22nd, 2026 22 Thu 0 events on Friday, January 23rd, 2026 23 Fri 0 events on Saturday, January 24th, 2026 24 Sat 0 events on Sunday, January 25th, 2026 25 Sun 0 events on Monday, January 26th, 2026 26 Mon 0 events on Tuesday, January 27th, 2026 27 Tue 0 events on Wednesday, January 28th, 2026 28 Wed 0 events on Thursday, January 29th, 2026 29 Thu 0 events on Friday, January 30th, 2026 30 Fri 0 events on Saturday, January 31st, 2026 31 Sat 0 events on Sunday, February 1st, 2026 1 Sun 0 events on Monday, February 2nd, 2026 2 Mon 0 events on Tuesday, February 3rd, 2026 3 Tue 0 events on Wednesday, February 4th, 2026 4 Wed 0 events on Thursday, February 5th, 2026 5 Thu 0 events on Friday, February 6th, 2026 6 Fri 0 events on Saturday, February 7th, 2026 7 Sat 0 events on Sunday, February 8th, 2026 8 Sun 0 events on Monday, February 9th, 2026 9 Mon 0 events on Tuesday, February 10th, 2026 10 Tue 0 events on Wednesday, February 11th, 2026 11 Wed 0 events on Thursday, February 12th, 2026 12 Thu 0 events on Friday, February 13th, 2026 13 Fri 1 event on Saturday, February 14th, 2026 14 Sat 11am-9pm Valentine's Day Saturday, February 14th, 2026 0 events on Sunday, February 15th, 2026 15 Sun 0 events on Monday, February 16th, 2026 16 Mon 0 events on Tuesday, February 17th, 2026 17 Tue 0 events on Wednesday, February 18th, 2026 18 Wed 0 events on Thursday, February 19th, 2026 19 Thu 0 events on Friday, February 20th, 2026 20 Fri 0 events on Saturday, February 21st, 2026 21 Sat 0 events on Sunday, February 22nd, 2026 22 Sun 0 events on Monday, February 23rd, 2026 23 Mon 0 events on Tuesday, February 24th, 2026 24 Tue 0 events on Wednesday, February 25th, 2026 25 Wed 0 events on Thursday, February 26th, 2026 26 Thu 0 events on Friday, February 27th, 2026 27 Fri 0 events on Saturday, February 28th, 2026 28 Sat 0 events on Sunday, March 1st, 2026 1 Sun 0 events on Monday, March 2nd, 2026 2 Mon 0 events on Tuesday, March 3rd, 2026 3 Tue 0 events on Wednesday, March 4th, 2026 4 Wed 0 events on Thursday, March 5th, 2026 5 Thu 0 events on Friday, March 6th, 2026 6 Fri 0 events on Saturday, March 7th, 2026 7 Sat 0 events on Sunday, March 8th, 2026 8 Sun 0 events on Monday, March 9th, 2026 9 Mon 0 events on Tuesday, March 10th, 2026 10 Tue 0 events on Wednesday, March 11th, 2026 11 Wed 0 events on Thursday, March 12th, 2026 12 Thu 0 events on Friday, March 13th, 2026 13 Fri 0 events on Saturday, March 14th, 2026 14 Sat 0 events on Sunday, March 15th, 2026 15 Sun 0 events on Monday, March 16th, 2026 16 Mon 1 event on Tuesday, March 17th, 2026 17 Tue 11am-11:59pm St. Patrick's Day Tuesday, March 17th, 2026 0 events on Wednesday, March 18th, 2026 18 Wed 0 events on Thursday, March 19th, 2026 19 Thu 0 events on Friday, March 20th, 2026 20 Fri 0 events on Saturday, March 21st, 2026 21 Sat 0 events on Sunday, March 22nd, 2026 22 Sun 0 events on Monday, March 23rd, 2026 23 Mon 0 events on Tuesday, March 24th, 2026 24 Tue 0 events on Wednesday, March 25th, 2026 25 Wed 0 events on Thursday, March 26th, 2026 26 Thu 0 events on Friday, March 27th, 2026 27 Fri 0 events on Saturday, March 28th, 2026 28 Sat 0 events on Sunday, March 29th, 2026 29 Sun 0 events on Monday, March 30th, 2026 30 Mon 0 events on Tuesday, March 31st, 2026 31 Tue 0 events on Wednesday, April 1st, 2026 1 Wed 0 events on Thursday, April 2nd, 2026 2 Thu 0 events on Friday, April 3rd, 2026 3 Fri 0 events on Saturday, April 4th, 2026 4 Sat 1 event on Sunday, April 5th, 2026 5 Sun 11am-9pm Easter Sunday, April 5th, 2026 0 events on Monday, April 6th, 2026 6 Mon 0 events on Tuesday, April 7th, 2026 7 Tue 0 events on Wednesday, April 8th, 2026 8 Wed 0 events on Thursday, April 9th, 2026 9 Thu 0 events on Friday, April 10th, 2026 10 Fri 0 events on Saturday, April 11th, 2026 11 Sat 0 events on Sunday, April 12th, 2026 12 Sun 0 events on Monday, April 13th, 2026 13 Mon 0 events on Tuesday, April 14th, 2026 14 Tue 0 events on Wednesday, April 15th, 2026 15 Wed 0 events on Thursday, April 16th, 2026 16 Thu 0 events on Friday, April 17th, 2026 17 Fri 0 events on Saturday, April 18th, 2026 18 Sat 0 events on Sunday, April 19th, 2026 19 Sun 0 events on Monday, April 20th, 2026 20 Mon 0 events on Tuesday, April 21st, 2026 21 Tue 0 events on Wednesday, April 22nd, 2026 22 Wed 0 events on Thursday, April 23rd, 2026 23 Thu 0 events on Friday, April 24th, 2026 24 Fri 0 events on Saturday, April 25th, 2026 25 Sat 0 events on Sunday, April 26th, 2026 26 Sun 0 events on Monday, April 27th, 2026 27 Mon 0 events on Tuesday, April 28th, 2026 28 Tue 0 events on Wednesday, April 29th, 2026 29 Wed 0 events on Thursday, April 30th, 2026 30 Thu 0 events on Friday, May 1st, 2026 1 Fri 0 events on Saturday, May 2nd, 2026 2 Sat 0 events on Sunday, May 3rd, 2026 3 Sun 0 events on Monday, May 4th, 2026 4 Mon 0 events on Tuesday, May 5th, 2026 5 Tue 0 events on Wednesday, May 6th, 2026 6 Wed 0 events on Thursday, May 7th, 2026 7 Thu 0 events on Friday, May 8th, 2026 8 Fri 0 events on Saturday, May 9th, 2026 9 Sat 0 events on Sunday, May 10th, 2026 10 Sun 0 events on Monday, May 11th, 2026 11 Mon 0 events on Tuesday, May 12th, 2026 12 Tue 0 events on Wednesday, May 13th, 2026 13 Wed 0 events on Thursday, May 14th, 2026 14 Thu 0 events on Friday, May 15th, 2026 15 Fri 0 events on Saturday, May 16th, 2026 16 Sat 0 events on Sunday, May 17th, 2026 17 Sun 0 events on Monday, May 18th, 2026 18 Mon 0 events on Tuesday, May 19th, 2026 19 Tue 0 events on Wednesday, May 20th, 2026 20 Wed 0 events on Thursday, May 21st, 2026 21 Thu 0 events on Friday, May 22nd, 2026 22 Fri 0 events on Saturday, May 23rd, 2026 23 Sat 0 events on Sunday, May 24th, 2026 24 Sun 0 events on Monday, May 25th, 2026 25 Mon 0 events on Tuesday, May 26th, 2026 26 Tue 0 events on Wednesday, May 27th, 2026 27 Wed 0 events on Thursday, May 28th, 2026 28 Thu 0 events on Friday, May 29th, 2026 29 Fri 0 events on Saturday, May 30th, 2026 30 Sat 0 events on Sunday, May 31st, 2026 31 Sun 0 events on Monday, June 1st, 2026 1 Mon 0 events on Tuesday, June 2nd, 2026 2 Tue 0 events on Wednesday, June 3rd, 2026 3 Wed 0 events on Thursday, June 4th, 2026 4 Thu 0 events on Friday, June 5th, 2026 5 Fri 0 events on Saturday, June 6th, 2026 6 Sat 0 events on Sunday, June 7th, 2026 7 Sun 0 events on Monday, June 8th, 2026 8 Mon 0 events on Tuesday, June 9th, 2026 9 Tue 0 events on Wednesday, June 10th, 2026 10 Wed 0 events on Thursday, June 11th, 2026 11 Thu 0 events on Friday, June 12th, 2026 12 Fri 0 events on Saturday, June 13th, 2026 13 Sat 0 events on Sunday, June 14th, 2026 14 Sun 0 events on Monday, June 15th, 2026 15 Mon 0 events on Tuesday, June 16th, 2026 16 Tue 0 events on Wednesday, June 17th, 2026 17 Wed 0 events on Thursday, June 18th, 2026 18 Thu 0 events on Friday, June 19th, 2026 19 Fri 0 events on Saturday, June 20th, 2026 20 Sat 0 events on Sunday, June 21st, 2026 21 Sun 0 events on Monday, June 22nd, 2026 22 Mon 0 events on Tuesday, June 23rd, 2026 23 Tue 0 events on Wednesday, June 24th, 2026 24 Wed 0 events on Thursday, June 25th, 2026 25 Thu 0 events on Friday, June 26th, 2026 26 Fri 0 events on Saturday, June 27th, 2026 27 Sat 0 events on Sunday, June 28th, 2026 28 Sun 0 events on Monday, June 29th, 2026 29 Mon 0 events on Tuesday, June 30th, 2026 30 Tue 0 events on Wednesday, July 1st, 2026 1 Wed 0 events on Thursday, July 2nd, 2026 2 Thu 0 events on Friday, July 3rd, 2026 3 Fri 0 events on Saturday, July 4th, 2026 4 Sat 0 events on Sunday, July 5th, 2026 5 Sun 0 events on Monday, July 6th, 2026 6 Mon 0 events on Tuesday, July 7th, 2026 7 Tue 0 events on Wednesday, July 8th, 2026 8 Wed 0 events on Thursday, July 9th, 2026 9 Thu 0 events on Friday, July 10th, 2026 10 Fri 0 events on Saturday, July 11th, 2026 11 Sat 0 events on Sunday, July 12th, 2026 12 Sun 0 events on Monday, July 13th, 2026 13 Mon 0 events on Tuesday, July 14th, 2026 14 Tue 0 events on Wednesday, July 15th, 2026 15 Wed 0 events on Thursday, July 16th, 2026 16 Thu 0 events on Friday, July 17th, 2026 17 Fri 0 events on Saturday, July 18th, 2026 18 Sat 0 events on Sunday, July 19th, 2026 19 Sun 0 events on Monday, July 20th, 2026 20 Mon 0 events on Tuesday, July 21st, 2026 21 Tue 0 events on Wednesday, July 22nd, 2026 22 Wed 0 events on Thursday, July 23rd, 2026 23 Thu 0 events on Friday, July 24th, 2026 24 Fri 0 events on Saturday, July 25th, 2026 25 Sat 0 events on Sunday, July 26th, 2026 26 Sun 0 events on Monday, July 27th, 2026 27 Mon 0 events on Tuesday, July 28th, 2026 28 Tue 0 events on Wednesday, July 29th, 2026 29 Wed 0 events on Thursday, July 30th, 2026 30 Thu 0 events on Friday, July 31st, 2026 31 Fri 0 events on Saturday, August 1st, 2026 1 Sat 0 events on Sunday, August 2nd, 2026 2 Sun 0 events on Monday, August 3rd, 2026 3 Mon 0 events on Tuesday, August 4th, 2026 4 Tue 0 events on Wednesday, August 5th, 2026 5 Wed 0 events on Thursday, August 6th, 2026 6 Thu 0 events on Friday, August 7th, 2026 7 Fri 0 events on Saturday, August 8th, 2026 8 Sat 0 events on Sunday, August 9th, 2026 9 Sun 0 events on Monday, August 10th, 2026 10 Mon 0 events on Tuesday, August 11th, 2026 11 Tue 0 events on Wednesday, August 12th, 2026 12 Wed 0 events on Thursday, August 13th, 2026 13 Thu 0 events on Friday, August 14th, 2026 14 Fri 0 events on Saturday, August 15th, 2026 15 Sat 0 events on Sunday, August 16th, 2026 16 Sun 0 events on Monday, August 17th, 2026 17 Mon 0 events on Tuesday, August 18th, 2026 18 Tue 0 events on Wednesday, August 19th, 2026 19 Wed 0 events on Thursday, August 20th, 2026 20 Thu 0 events on Friday, August 21st, 2026 21 Fri 0 events on Saturday, August 22nd, 2026 22 Sat 0 events on Sunday, August 23rd, 2026 23 Sun 0 events on Monday, August 24th, 2026 24 Mon 0 events on Tuesday, August 25th, 2026 25 Tue 0 events on Wednesday, August 26th, 2026 26 Wed 0 events on Thursday, August 27th, 2026 27 Thu 0 events on Friday, August 28th, 2026 28 Fri 0 events on Saturday, August 29th, 2026 29 Sat 0 events on Sunday, August 30th, 2026 30 Sun 0 events on Monday, August 31st, 2026 31 Mon 0 events on Tuesday, September 1st, 2026 1 Tue 0 events on Wednesday, September 2nd, 2026 2 Wed 0 events on Thursday, September 3rd, 2026 3 Thu 0 events on Friday, September 4th, 2026 4 Fri 0 events on Saturday, September 5th, 2026 5 Sat 0 events on Sunday, September 6th, 2026 6 Sun 0 events on Monday, September 7th, 2026 7 Mon 0 events on Tuesday, September 8th, 2026 8 Tue 0 events on Wednesday, September 9th, 2026 9 Wed 0 events on Thursday, September 10th, 2026 10 Thu 0 events on Friday, September 11th, 2026 11 Fri 0 events on Saturday, September 12th, 2026 12 Sat 0 events on Sunday, September 13th, 2026 13 Sun 0 events on Monday, September 14th, 2026 14 Mon 0 events on Tuesday, September 15th, 2026 15 Tue 0 events on Wednesday, September 16th, 2026 16 Wed 0 events on Thursday, September 17th, 2026 17 Thu 0 events on Friday, September 18th, 2026 18 Fri 0 events on Saturday, September 19th, 2026 19 Sat 0 events on Sunday, September 20th, 2026 20 Sun 0 events on Monday, September 21st, 2026 21 Mon 0 events on Tuesday, September 22nd, 2026 22 Tue 0 events on Wednesday, September 23rd, 2026 23 Wed 0 events on Thursday, September 24th, 2026 24 Thu 0 events on Friday, September 25th, 2026 25 Fri 0 events on Saturday, September 26th, 2026 26 Sat 0 events on Sunday, September 27th, 2026 27 Sun 0 events on Monday, September 28th, 2026 28 Mon 0 events on Tuesday, September 29th, 2026 29 Tue 0 events on Wednesday, September 30th, 2026 30 Wed 0 events on Thursday, October 1st, 2026 1 Thu 0 events on Friday, October 2nd, 2026 2 Fri 0 events on Saturday, October 3rd, 2026 3 Sat 0 events on Sunday, October 4th, 2026 4 Sun 0 events on Monday, October 5th, 2026 5 Mon 0 events on Tuesday, October 6th, 2026 6 Tue 0 events on Wednesday, October 7th, 2026 7 Wed 0 events on Thursday, October 8th, 2026 8 Thu 0 events on Friday, October 9th, 2026 9 Fri 0 events on Saturday, October 10th, 2026 10 Sat 0 events on Sunday, October 11th, 2026 11 Sun 0 events on Monday, October 12th, 2026 12 Mon 0 events on Tuesday, October 13th, 2026 13 Tue 0 events on Wednesday, October 14th, 2026 14 Wed 0 events on Thursday, October 15th, 2026 15 Thu 0 events on Friday, October 16th, 2026 16 Fri 0 events on Saturday, October 17th, 2026 17 Sat 0 events on Sunday, October 18th, 2026 18 Sun 0 events on Monday, October 19th, 2026 19 Mon 0 events on Tuesday, October 20th, 2026 20 Tue 0 events on Wednesday, October 21st, 2026 21 Wed 0 events on Thursday, October 22nd, 2026 22 Thu 0 events on Friday, October 23rd, 2026 23 Fri 0 events on Saturday, October 24th, 2026 24 Sat 0 events on Sunday, October 25th, 2026 25 Sun 0 events on Monday, October 26th, 2026 26 Mon 0 events on Tuesday, October 27th, 2026 27 Tue 0 events on Wednesday, October 28th, 2026 28 Wed 0 events on Thursday, October 29th, 2026 29 Thu 0 events on Friday, October 30th, 2026 30 Fri 0 events on Saturday, October 31st, 2026 31 Sat 0 events on Sunday, November 1st, 2026 1 Sun 0 events on Monday, November 2nd, 2026 2 Mon 0 events on Tuesday, November 3rd, 2026 3 Tue 0 events on Wednesday, November 4th, 2026 4 Wed 0 events on Thursday, November 5th, 2026 5 Thu 0 events on Friday, November 6th, 2026 6 Fri 0 events on Saturday, November 7th, 2026 7 Sat 0 events on Sunday, November 8th, 2026 8 Sun 0 events on Monday, November 9th, 2026 9 Mon 0 events on Tuesday, November 10th, 2026 10 Tue 0 events on Wednesday, November 11th, 2026 11 Wed 0 events on Thursday, November 12th, 2026 12 Thu 0 events on Friday, November 13th, 2026 13 Fri 0 events on Saturday, November 14th, 2026 14 Sat 0 events on Sunday, November 15th, 2026 15 Sun 0 events on Monday, November 16th, 2026 16 Mon 0 events on Tuesday, November 17th, 2026 17 Tue 0 events on Wednesday, November 18th, 2026 18 Wed 0 events on Thursday, November 19th, 2026 19 Thu 0 events on Friday, November 20th, 2026 20 Fri 0 events on Saturday, November 21st, 2026 21 Sat 0 events on Sunday, November 22nd, 2026 22 Sun 0 events on Monday, November 23rd, 2026 23 Mon 0 events on Tuesday, November 24th, 2026 24 Tue 0 events on Wednesday, November 25th, 2026 25 Wed 0 events on Thursday, November 26th, 2026 26 Thu 0 events on Friday, November 27th, 2026 27 Fri 0 events on Saturday, November 28th, 2026 28 Sat 0 events on Sunday, November 29th, 2026 29 Sun 0 events on Monday, November 30th, 2026 30 Mon 0 events on Tuesday, December 1st, 2026 1 Tue 0 events on Wednesday, December 2nd, 2026 2 Wed 0 events on Thursday, December 3rd, 2026 3 Thu 0 events on Friday, December 4th, 2026 4 Fri 0 events on Saturday, December 5th, 2026 5 Sat 0 events on Sunday, December 6th, 2026 6 Sun 0 events on Monday, December 7th, 2026 7 Mon 0 events on Tuesday, December 8th, 2026 8 Tue 0 events on Wednesday, December 9th, 2026 9 Wed 0 events on Thursday, December 10th, 2026 10 Thu 0 events on Friday, December 11th, 2026 11 Fri 0 events on Saturday, December 12th, 2026 12 Sat 0 events on Sunday, December 13th, 2026 13 Sun 0 events on Monday, December 14th, 2026 14 Mon 0 events on Tuesday, December 15th, 2026 15 Tue 0 events on Wednesday, December 16th, 2026 16 Wed 0 events on Thursday, December 17th, 2026 17 Thu 0 events on Friday, December 18th, 2026 18 Fri 0 events on Saturday, December 19th, 2026 19 Sat 0 events on Sunday, December 20th, 2026 20 Sun 0 events on Monday, December 21st, 2026 21 Mon 0 events on Tuesday, December 22nd, 2026 22 Tue 0 events on Wednesday, December 23rd, 2026 23 Wed 0 events on Thursday, December 24th, 2026 24 Thu 0 events on Friday, December 25th, 2026 25 Fri 0 events on Saturday, December 26th, 2026 26 Sat 0 events on Sunday, December 27th, 2026 27 Sun 0 events on Monday, December 28th, 2026 28 Mon 0 events on Tuesday, December 29th, 2026 29 Tue 0 events on Wednesday, December 30th, 2026 30 Wed 0 events on Thursday, December 31st, 2026 31 Thu 0 events on Friday, January 1st, 2027 1 Fri 0 events on Saturday, January 2nd, 2027 2 Sat 0 events on Sunday, January 3rd, 2027 3 Sun 0 events on Monday, January 4th, 2027 4 Mon 0 events on Tuesday, January 5th, 2027 5 Tue 0 events on Wednesday, January 6th, 2027 6 Wed 0 events on Thursday, January 7th, 2027 7 Thu 0 events on Friday, January 8th, 2027 8 Fri 0 events on Saturday, January 9th, 2027 9 Sat 0 events on Sunday, January 10th, 2027 10 Sun 0 events on Monday, January 11th, 2027 11 Mon 0 events on Tuesday, January 12th, 2027 12 Tue 0 events on Wednesday, January 13th, 2027 13 Wed 0 events on Thursday, January 14th, 2027 14 Thu 0 events on Friday, January 15th, 2027 15 Fri 0 events on Saturday, January 16th, 2027 16 Sat 0 events on Sunday, January 17th, 2027 17 Sun 0 events on Monday, January 18th, 2027 18 Mon 0 events on Tuesday, January 19th, 2027 19 Tue 0 events on Wednesday, January 20th, 2027 20 Wed 0 events on Thursday, January 21st, 2027 21 Thu 0 events on Friday, January 22nd, 2027 22 Fri 0 events on Saturday, January 23rd, 2027 23 Sat 0 events on Sunday, January 24th, 2027 24 Sun 0 events on Monday, January 25th, 2027 25 Mon 0 events on Tuesday, January 26th, 2027 26 Tue 0 events on Wednesday, January 27th, 2027 27 Wed 0 events on Thursday, January 28th, 2027 28 Thu 0 events on Friday, January 29th, 2027 29 Fri 0 events on Saturday, January 30th, 2027 30 Sat 0 events on Sunday, January 31st, 2027 31 Sun 0 events on Monday, February 1st, 2027 1 Mon 0 events on Tuesday, February 2nd, 2027 2 Tue 0 events on Wednesday, February 3rd, 2027 3 Wed 0 events on Thursday, February 4th, 2027 4 Thu 0 events on Friday, February 5th, 2027 5 Fri 0 events on Saturday, February 6th, 2027 6 Sat 0 events on Sunday, February 7th, 2027 7 Sun 0 events on Monday, February 8th, 2027 8 Mon 0 events on Tuesday, February 9th, 2027 9 Tue 0 events on Wednesday, February 10th, 2027 10 Wed 0 events on Thursday, February 11th, 2027 11 Thu 0 events on Friday, February 12th, 2027 12 Fri 0 events on Saturday, February 13th, 2027 13 Sat 0 events on Sunday, February 14th, 2027 14 Sun 0 events on Monday, February 15th, 2027 15 Mon 0 events on Tuesday, February 16th, 2027 16 Tue 0 events on Wednesday, February 17th, 2027 17 Wed 0 events on Thursday, February 18th, 2027 18 Thu 0 events on Friday, February 19th, 2027 19 Fri 0 events on Saturday, February 20th, 2027 20 Sat 0 events on Sunday, February 21st, 2027 21 Sun 0 events on Monday, February 22nd, 2027 22 Mon 0 events on Tuesday, February 23rd, 2027 23 Tue 0 events on Wednesday, February 24th, 2027 24 Wed 0 events on Thursday, February 25th, 2027 25 Thu 0 events on Friday, February 26th, 2027 26 Fri 0 events on Saturday, February 27th, 2027 27 Sat 0 events on Sunday, February 28th, 2027 28 Sun 0 events on Monday, March 1st, 2027 1 Mon 0 events on Tuesday, March 2nd, 2027 2 Tue 0 events on Wednesday, March 3rd, 2027 3 Wed 0 events on Thursday, March 4th, 2027 4 Thu 0 events on Friday, March 5th, 2027 5 Fri 0 events on Saturday, March 6th, 2027 6 Sat 0 events on Sunday, March 7th, 2027 7 Sun 0 events on Monday, March 8th, 2027 8 Mon 0 events on Tuesday, March 9th, 2027 9 Tue 0 events on Wednesday, March 10th, 2027 10 Wed 0 events on Thursday, March 11th, 2027 11 Thu 0 events on Friday, March 12th, 2027 12 Fri 0 events on Saturday, March 13th, 2027 13 Sat 0 events on Sunday, March 14th, 2027 14 Sun 0 events on Monday, March 15th, 2027 15 Mon 0 events on Tuesday, March 16th, 2027 16 Tue 0 events on Wednesday, March 17th, 2027 17 Wed 0 events on Thursday, March 18th, 2027 18 Thu 0 events on Friday, March 19th, 2027 19 Fri 0 events on Saturday, March 20th, 2027 20 Sat 0 events on Sunday, March 21st, 2027 21 Sun 0 events on Monday, March 22nd, 2027 22 Mon 0 events on Tuesday, March 23rd, 2027 23 Tue 0 events on Wednesday, March 24th, 2027 24 Wed 0 events on Thursday, March 25th, 2027 25 Thu 0 events on Friday, March 26th, 2027 26 Fri 0 events on Saturday, March 27th, 2027 27 Sat 0 events on Sunday, March 28th, 2027 28 Sun 0 events on Monday, March 29th, 2027 29 Mon 0 events on Tuesday, March 30th, 2027 30 Tue 0 events on Wednesday, March 31st, 2027 31 Wed 0 events on Thursday, April 1st, 2027 1 Thu 0 events on Friday, April 2nd, 2027 2 Fri 0 events on Saturday, April 3rd, 2027 3 Sat 0 events on Sunday, April 4th, 2027 4 Sun 0 events on Monday, April 5th, 2027 5 Mon 0 events on Tuesday, April 6th, 2027 6 Tue 0 events on Wednesday, April 7th, 2027 7 Wed 0 events on Thursday, April 8th, 2027 8 Thu 0 events on Friday, April 9th, 2027 9 Fri 0 events on Saturday, April 10th, 2027 10 Sat 0 events on Sunday, April 11th, 2027 11 Sun 0 events on Monday, April 12th, 2027 12 Mon 0 events on Tuesday, April 13th, 2027 13 Tue 0 events on Wednesday, April 14th, 2027 14 Wed 0 events on Thursday, April 15th, 2027 15 Thu 0 events on Friday, April 16th, 2027 16 Fri 0 events on Saturday, April 17th, 2027 17 Sat 0 events on Sunday, April 18th, 2027 18 Sun 0 events on Monday, April 19th, 2027 19 Mon 0 events on Tuesday, April 20th, 2027 20 Tue 0 events on Wednesday, April 21st, 2027 21 Wed 0 events on Thursday, April 22nd, 2027 22 Thu 0 events on Friday, April 23rd, 2027 23 Fri 0 events on Saturday, April 24th, 2027 24 Sat 0 events on Sunday, April 25th, 2027 25 Sun 0 events on Monday, April 26th, 2027 26 Mon 0 events on Tuesday, April 27th, 2027 27 Tue 0 events on Wednesday, April 28th, 2027 28 Wed 0 events on Thursday, April 29th, 2027 29 Thu 0 events on Friday, April 30th, 2027 30 Fri 0 events on Saturday, May 1st, 2027 1 Sat 0 events on Sunday, May 2nd, 2027 2 Sun 0 events on Monday, May 3rd, 2027 3 Mon 0 events on Tuesday, May 4th, 2027 4 Tue 0 events on Wednesday, May 5th, 2027 5 Wed 0 events on Thursday, May 6th, 2027 6 Thu 0 events on Friday, May 7th, 2027 7 Fri 0 events on Saturday, May 8th, 2027 8 Sat 0 events on Sunday, May 9th, 2027 9 Sun 0 events on Monday, May 10th, 2027 10 Mon 0 events on Tuesday, May 11th, 2027 11 Tue 0 events on Wednesday, May 12th, 2027 12 Wed 0 events on Thursday, May 13th, 2027 13 Thu 0 events on Friday, May 14th, 2027 14 Fri 0 events on Saturday, May 15th, 2027 15 Sat 0 events on Sunday, May 16th, 2027 16 Sun 0 events on Monday, May 17th, 2027 17 Mon 0 events on Tuesday, May 18th, 2027 18 Tue 0 events on Wednesday, May 19th, 2027 19 Wed 0 events on Thursday, May 20th, 2027 20 Thu 0 events on Friday, May 21st, 2027 21 Fri 0 events on Saturday, May 22nd, 2027 22 Sat 0 events on Sunday, May 23rd, 2027 23 Sun 0 events on Monday, May 24th, 2027 24 Mon 0 events on Tuesday, May 25th, 2027 25 Tue 0 events on Wednesday, May 26th, 2027 26 Wed 0 events on Thursday, May 27th, 2027 27 Thu 0 events on Friday, May 28th, 2027 28 Fri 0 events on Saturday, May 29th, 2027 29 Sat 0 events on Sunday, May 30th, 2027 30 Sun 0 events on Monday, May 31st, 2027 31 Mon 0 events on Tuesday, June 1st, 2027 1 Tue 0 events on Wednesday, June 2nd, 2027 2 Wed 0 events on Thursday, June 3rd, 2027 3 Thu 0 events on Friday, June 4th, 2027 4 Fri 0 events on Saturday, June 5th, 2027 5 Sat 0 events on Sunday, June 6th, 2027 6 Sun 0 events on Monday, June 7th, 2027 7 Mon 0 events on Tuesday, June 8th, 2027 8 Tue 0 events on Wednesday, June 9th, 2027 9 Wed 0 events on Thursday, June 10th, 2027 10 Thu 0 events on Friday, June 11th, 2027 11 Fri 0 events on Saturday, June 12th, 2027 12 Sat 0 events on Sunday, June 13th, 2027 13 Sun 0 events on Monday, June 14th, 2027 14 Mon 0 events on Tuesday, June 15th, 2027 15 Tue 0 events on Wednesday, June 16th, 2027 16 Wed 0 events on Thursday, June 17th, 2027 17 Thu 0 events on Friday, June 18th, 2027 18 Fri 0 events on Saturday, June 19th, 2027 19 Sat 0 events on Sunday, June 20th, 2027 20 Sun 0 events on Monday, June 21st, 2027 21 Mon 0 events on Tuesday, June 22nd, 2027 22 Tue 0 events on Wednesday, June 23rd, 2027 23 Wed 0 events on Thursday, June 24th, 2027 24 Thu 0 events on Friday, June 25th, 2027 25 Fri 0 events on Saturday, June 26th, 2027 26 Sat 0 events on Sunday, June 27th, 2027 27 Sun 0 events on Monday, June 28th, 2027 28 Mon 0 events on Tuesday, June 29th, 2027 29 Tue 0 events on Wednesday, June 30th, 2027 30 Wed 0 events on Thursday, July 1st, 2027 1 Thu 0 events on Friday, July 2nd, 2027 2 Fri 0 events on Saturday, July 3rd, 2027 3 Sat 0 events on Sunday, July 4th, 2027 4 Sun 0 events on Monday, July 5th, 2027 5 Mon 0 events on Tuesday, July 6th, 2027 6 Tue 0 events on Wednesday, July 7th, 2027 7 Wed 0 events on Thursday, July 8th, 2027 8 Thu 0 events on Friday, July 9th, 2027 9 Fri 0 events on Saturday, July 10th, 2027 10 Sat 0 events on Sunday, July 11th, 2027 11 Sun 0 events on Monday, July 12th, 2027 12 Mon 0 events on Tuesday, July 13th, 2027 13 Tue 0 events on Wednesday, July 14th, 2027 14 Wed 0 events on Thursday, July 15th, 2027 15 Thu 0 events on Friday, July 16th, 2027 16 Fri 0 events on Saturday, July 17th, 2027 17 Sat 0 events on Sunday, July 18th, 2027 18 Sun 0 events on Monday, July 19th, 2027 19 Mon 0 events on Tuesday, July 20th, 2027 20 Tue 0 events on Wednesday, July 21st, 2027 21 Wed 0 events on Thursday, July 22nd, 2027 22 Thu 0 events on Friday, July 23rd, 2027 23 Fri 0 events on Saturday, July 24th, 2027 24 Sat 0 events on Sunday, July 25th, 2027 25 Sun 0 events on Monday, July 26th, 2027 26 Mon 0 events on Tuesday, July 27th, 2027 27 Tue 0 events on Wednesday, July 28th, 2027 28 Wed 0 events on Thursday, July 29th, 2027 29 Thu 0 events on Friday, July 30th, 2027 30 Fri 0 events on Saturday, July 31st, 2027 31 Sat 0 events on Sunday, August 1st, 2027 1 Sun 0 events on Monday, August 2nd, 2027 2 Mon 0 events on Tuesday, August 3rd, 2027 3 Tue 0 events on Wednesday, August 4th, 2027 4 Wed 0 events on Thursday, August 5th, 2027 5 Thu 0 events on Friday, August 6th, 2027 6 Fri 0 events on Saturday, August 7th, 2027 7 Sat 0 events on Sunday, August 8th, 2027 8 Sun 0 events on Monday, August 9th, 2027 9 Mon 0 events on Tuesday, August 10th, 2027 10 Tue 0 events on Wednesday, August 11th, 2027 11 Wed 0 events on Thursday, August 12th, 2027 12 Thu 0 events on Friday, August 13th, 2027 13 Fri 0 events on Saturday, August 14th, 2027 14 Sat 0 events on Sunday, August 15th, 2027 15 Sun 0 events on Monday, August 16th, 2027 16 Mon 0 events on Tuesday, August 17th, 2027 17 Tue 0 events on Wednesday, August 18th, 2027 18 Wed 0 events on Thursday, August 19th, 2027 19 Thu 0 events on Friday, August 20th, 2027 20 Fri 0 events on Saturday, August 21st, 2027 21 Sat 0 events on Sunday, August 22nd, 2027 22 Sun 0 events on Monday, August 23rd, 2027 23 Mon 0 events on Tuesday, August 24th, 2027 24 Tue 0 events on Wednesday, August 25th, 2027 25 Wed 0 events on Thursday, August 26th, 2027 26 Thu 0 events on Friday, August 27th, 2027 27 Fri 0 events on Saturday, August 28th, 2027 28 Sat 0 events on Sunday, August 29th, 2027 29 Sun 0 events on Monday, August 30th, 2027 30 Mon 0 events on Tuesday, August 31st, 2027 31 Tue 0 events on Wednesday, September 1st, 2027 1 Wed 0 events on Thursday, September 2nd, 2027 2 Thu 0 events on Friday, September 3rd, 2027 3 Fri 0 events on Saturday, September 4th, 2027 4 Sat 0 events on Sunday, September 5th, 2027 5 Sun 0 events on Monday, September 6th, 2027 6 Mon 0 events on Tuesday, September 7th, 2027 7 Tue 0 events on Wednesday, September 8th, 2027 8 Wed 0 events on Thursday, September 9th, 2027 9 Thu 0 events on Friday, September 10th, 2027 10 Fri 0 events on Saturday, September 11th, 2027 11 Sat 0 events on Sunday, September 12th, 2027 12 Sun 0 events on Monday, September 13th, 2027 13 Mon 0 events on Tuesday, September 14th, 2027 14 Tue 0 events on Wednesday, September 15th, 2027 15 Wed 0 events on Thursday, September 16th, 2027 16 Thu 0 events on Friday, September 17th, 2027 17 Fri 0 events on Saturday, September 18th, 2027 18 Sat 0 events on Sunday, September 19th, 2027 19 Sun 0 events on Monday, September 20th, 2027 20 Mon 0 events on Tuesday, September 21st, 2027 21 Tue 0 events on Wednesday, September 22nd, 2027 22 Wed 0 events on Thursday, September 23rd, 2027 23 Thu 0 events on Friday, September 24th, 2027 24 Fri 0 events on Saturday, September 25th, 2027 25 Sat 0 events on Sunday, September 26th, 2027 26 Sun 0 events on Monday, September 27th, 2027 27 Mon 0 events on Tuesday, September 28th, 2027 28 Tue 0 events on Wednesday, September 29th, 2027 29 Wed 0 events on Thursday, September 30th, 2027 30 Thu 0 events on Friday, October 1st, 2027 1 Fri 0 events on Saturday, October 2nd, 2027 2 Sat 0 events on Sunday, October 3rd, 2027 3 Sun 0 events on Monday, October 4th, 2027 4 Mon 0 events on Tuesday, October 5th, 2027 5 Tue 0 events on Wednesday, October 6th, 2027 6 Wed 0 events on Thursday, October 7th, 2027 7 Thu 0 events on Friday, October 8th, 2027 8 Fri 0 events on Saturday, October 9th, 2027 9 Sat 0 events on Sunday, October 10th, 2027 10 Sun 0 events on Monday, October 11th, 2027 11 Mon 0 events on Tuesday, October 12th, 2027 12 Tue 0 events on Wednesday, October 13th, 2027 13 Wed 0 events on Thursday, October 14th, 2027 14 Thu 0 events on Friday, October 15th, 2027 15 Fri 0 events on Saturday, October 16th, 2027 16 Sat 0 events on Sunday, October 17th, 2027 17 Sun 0 events on Monday, October 18th, 2027 18 Mon 0 events on Tuesday, October 19th, 2027 19 Tue 0 events on Wednesday, October 20th, 2027 20 Wed 0 events on Thursday, October 21st, 2027 21 Thu 0 events on Friday, October 22nd, 2027 22 Fri 0 events on Saturday, October 23rd, 2027 23 Sat 0 events on Sunday, October 24th, 2027 24 Sun 0 events on Monday, October 25th, 2027 25 Mon 0 events on Tuesday, October 26th, 2027 26 Tue 0 events on Wednesday, October 27th, 2027 27 Wed 0 events on Thursday, October 28th, 2027 28 Thu 0 events on Friday, October 29th, 2027 29 Fri 0 events on Saturday, October 30th, 2027 30 Sat 0 events on Sunday, October 31st, 2027 31 Sun 0 events on Monday, November 1st, 2027 1 Mon 0 events on Tuesday, November 2nd, 2027 2 Tue 0 events on Wednesday, November 3rd, 2027 3 Wed 0 events on Thursday, November 4th, 2027 4 Thu 0 events on Friday, November 5th, 2027 5 Fri 0 events on Saturday, November 6th, 2027 6 Sat 0 events on Sunday, November 7th, 2027 7 Sun 0 events on Monday, November 8th, 2027 8 Mon 0 events on Tuesday, November 9th, 2027 9 Tue 0 events on Wednesday, November 10th, 2027 10 Wed 0 events on Thursday, November 11th, 2027 11 Thu 0 events on Friday, November 12th, 2027 12 Fri 0 events on Saturday, November 13th, 2027 13 Sat 0 events on Sunday, November 14th, 2027 14 Sun 0 events on Monday, November 15th, 2027 15 Mon 0 events on Tuesday, November 16th, 2027 16 Tue 0 events on Wednesday, November 17th, 2027 17 Wed 0 events on Thursday, November 18th, 2027 18 Thu 0 events on Friday, November 19th, 2027 19 Fri 0 events on Saturday, November 20th, 2027 20 Sat 0 events on Sunday, November 21st, 2027 21 Sun 0 events on Monday, November 22nd, 2027 22 Mon 0 events on Tuesday, November 23rd, 2027 23 Tue 0 events on Wednesday, November 24th, 2027 24 Wed 0 events on Thursday, November 25th, 2027 25 Thu 0 events on Friday, November 26th, 2027 26 Fri 0 events on Saturday, November 27th, 2027 27 Sat 0 events on Sunday, November 28th, 2027 28 Sun 0 events on Monday, November 29th, 2027 29 Mon 0 events on Tuesday, November 30th, 2027 30 Tue 0 events on Wednesday, December 1st, 2027 1 Wed 0 events on Thursday, December 2nd, 2027 2 Thu 0 events on Friday, December 3rd, 2027 3 Fri 0 events on Saturday, December 4th, 2027 4 Sat 0 events on Sunday, December 5th, 2027 5 Sun 0 events on Monday, December 6th, 2027 6 Mon 0 events on Tuesday, December 7th, 2027 7 Tue 0 events on Wednesday, December 8th, 2027 8 Wed 0 events on Thursday, December 9th, 2027 9 Thu 0 events on Friday, December 10th, 2027 10 Fri 0 events on Saturday, December 11th, 2027 11 Sat 0 events on Sunday, December 12th, 2027 12 Sun 0 events on Monday, December 13th, 2027 13 Mon 0 events on Tuesday, December 14th, 2027 14 Tue 0 events on Wednesday, December 15th, 2027 15 Wed 0 events on Thursday, December 16th, 2027 16 Thu 0 events on Friday, December 17th, 2027 17 Fri 0 events on Saturday, December 18th, 2027 18 Sat 0 events on Sunday, December 19th, 2027 19 Sun 0 events on Monday, December 20th, 2027 20 Mon 0 events on Tuesday, December 21st, 2027 21 Tue 0 events on Wednesday, December 22nd, 2027 22 Wed 0 events on Thursday, December 23rd, 2027 23 Thu 0 events on Friday, December 24th, 2027 24 Fri 0 events on Saturday, December 25th, 2027 25 Sat 0 events on Sunday, December 26th, 2027 26 Sun 0 events on Monday, December 27th, 2027 27 Mon 0 events on Tuesday, December 28th, 2027 28 Tue 0 events on Wednesday, December 29th, 2027 29 Wed 0 events on Thursday, December 30th, 2027 30 Thu 0 events on Friday, December 31st, 2027 31 Fri ×",
      "hash": "55a4c55d683f",
      "downloadedAt": "2026-01-18T16:54:16.660Z",
      "trimmedAt": "2026-01-18T17:11:16.205Z",
      "sizeReduction": "90.7%"
    },
    {
      "url": "http://leyla-charleston.com/charleston-king-and-society-liberty-leyla-fine-lebanese-cuisine-food-menu",
      "text": "Our Menu Main Menu SEWE Valentines Menu Leyla's Christmas and Holidays Menu",
      "hash": "7c1859a09f68",
      "downloadedAt": "2026-01-18T16:54:14.788Z",
      "trimmedAt": "2026-01-18T17:11:16.209Z",
      "sizeReduction": "99.9%"
    }
  ],
  "sizeReduction": "95.2%"
}