{
  "venueId": "ChIJwyrLYyRx_ogRp3E1wyy3Zig",
  "venueName": "Poke Bros.",
  "venueArea": "Mount Pleasant",
  "website": "http://www.eatpokebros.com/",
  "scrapedAt": "2026-01-18T17:04:31.968Z",
  "trimmedAt": "2026-01-18T17:13:03.284Z",
  "pages": [
    {
      "url": "http://www.eatpokebros.com/",
      "text": "Skip to content FAST, FRESH, FIT. THAT’S HOW WE BOWL. TRY A FRESH, DELICIOUS POKE BOWL TODAY! Poke Bros has over 80 locations nationwide, and growing! Find Your Location >> Fresh Ingredients Fill you up but don’t slow you down BUILD YOUR BOWL VIEW OUR MENU Signature Bowls Guaranteed to satisfy every time Previous Next What is poké? Poké is essentially sushi in a bowl. This fresh healthy cuisine originated from Hawaii and features cubed-cut raw fish mixed in a bowl with rice, veggies and flavorful toppings. A build-your-own approach allows you to craft your bowl with all of the fresh and healthy ingredients you like. Your Local Spot for Fresh Poké Build your perfect bowl with premium proteins, fresh toppings, and signature sauces. A quick, healthy meal that never sacrifices flavor. Story Our Poke Bros began in 2015 with a mission to bring the bright, fresh flavors of poke to the mainland in a modern, fast-casual format. Drawing on years of restaurant expertise, our founders reimagined the classic Hawaiian staple into a customizable, grab-and-go experience built around sushi-grade fish, bold sauces, and fresh-cut ingredients. Today, our bowls offer a delicious, wholesome alternative to typical fast food—quick to order, endlessly flavorful, and made fresh every time. Learn More >> Locations Our People can’t get enough of Poke Bros. With more than 80 locations across 15 states—and growing—we’re bringing our fresh poke bowls to communities throughout the Midwest, East Coast, and beyond. Want to find the closest Poke Bros near you? Use our location finder to discover your next bowl. Find A Location >> Menu Signature Bowls Build Your Own Bowl Mochi Ice Cream Sides View Our Menu Grab a Meal to Go! Fuel your day with bold flavors made fast, fresh, and exactly how you like it. Get the Scoop! Get the latest updates to our menu and receive exclusive special offers and discounts. Subscribe Thank you for subscribing!",
      "hash": "08cae9e75c74",
      "downloadedAt": "2026-01-18T16:56:53.412Z",
      "trimmedAt": "2026-01-18T17:13:03.226Z",
      "sizeReduction": "97.6%"
    },
    {
      "url": "http://www.eatpokebros.com/locations/",
      "text": "Skip to content Our Locations Find your nearest Poké Bowl! SELECT YOUR STATE Connecticut Delaware Florida Illinois Indiana Massachusetts New Jersey New York North Carolina Ohio Pennsylvania Rhode Island South Carolina Tennessee Virginia Connecticut Avon 25 Climax Road, Avon CT 06001 Coming Soon Southington 748 Queen St Southington, CT 06489 Delaware Dover 1053 North Dupont Highway Dover, DE 19901 View Store Info Middletown 476 Middletown Warwick Rd. Middletown, DE 19709 View Store Info Newark 230 East Main Street, Suite 614 Newark, DE 19711 View Store Info Rehoboth Beach 19287 Miller Rd, Suite 1B Rehoboth Beach, DE 19971 View Store Info Wilmington North - Concord Pike 2117 Concord Pike Wilmington, DE 19803 View Store Info Wilmington Pike Creek 4571 Kirkwood Highway Wilmington, DE 19808 View Store Info Florida Coral Springs 10653 Wiles Road, Coral Springs FL 33076 Weston 2382 Weston Road Weston FL 33326 Illinois Naperville - 75th 1303 S Naper Blvd Naperville IL 60540 Villa Park 298 W North Ave, Suite 2 Villa Park, IL 60181 St Charles 3835 East Main St Saint Charles, IL 60174 South Elgin 346 South Randall Road South Elgin, IL 60177 Shorewood 906 Brook Forest Ave Shorewood, IL 60404 Schaumburg - Woodfield 1560 E Golf Rd, Schaumburg, IL 60173 Schaumburg 391 S Barrington Rd Schaumburg, IL 60193 Romeoville 283 S Weber Rd Romeoville, IL 60446 Palatine 789 E Dundee Rd Palatine, IL 60074 Oswego 2940 Walter Payton Memorial Hwy Oswego, IL 60543 Orland Park 15623 South La Grange Rd Orland Park, IL 60462 Oakbrook Terrace 18W046 22nd Street Oakbrook Terrace, IL 60181 Niles 5720 W Touhy Ave Niles, IL 60714 Aurora 1147 N Eola Rd Suite 103 Aurora, IL 60502 Naperville 4931 S Route 59 Suite 113 Naperville, IL 60564 Mt Prospect 1027 N Elmhurst Rd, Mt Prospect, IL 60056 McHenry 1763 Richmond Rd McHenry, IL 60050 Lincolnshire 950B Milwaukee Ave Lincolnshire, IL 60069 Lake in the Hills 277 N Randall Rd Lake in the Hills, IL 60156 Lake Bluff 703 Rockland Rd Lake Bluff, IL 60044 Gurnee 6310 Grand Ave, Suite 300 Gu ee, IL 60031 Glenview 2745 Pfingsten Rd, Suite 18 Glenview, IL 60026 Frankfort 11139 W Lincoln Hwy Frankfort, IL 60423 Bolingbrook 751 E Boughton Rd Bolingbrook, IL 60440 Bloomingdale 398 Army Trail Road, #104 Bloomingdale, IL 60108 Indiana Crown Point 10543 Broadway Crown Point, IN 46307 Indianapolis - 86th Street 2727 East 86th Street, Suite 148 Indianapolis, IN 46240 View Store Info Schererville 813 W Lincoln Hwy Hwy, Suite A, Schererville, IN 46375 Massachusetts Bedford 158-E, Great Rd, Bedford, MA 01730 View Store Info Raynham 500 South Street West Raynham, MA 02767 View Store Info Westwood 127 University Ave, Westwood MA 02090 View Store Info Coming Soon Mansfield 287 School Street, Suite 110 Mansfield, MA 02048 New Jersey Cinnaminson 127 Route 130 South Cinnaminson, NJ 08077 View Store Info Hamilton 1273 Highway 33, Ste 6 Hamilton, NJ 08690 View Store Info Marlton 300 NJ-73, Unit E-3 Marlton, NJ 08053 View Store Info Millville 2186B North 2nd St. Millville, NJ 08332 View Store Info Plainsboro 10 Schalks Crossing Rd #301c, Plainsboro Township, NJ 08536 View Store Info Sicklerville 609 Berlin - Cross Keys Rd, Unit B Sicklerville, NJ 08081 View Store Info New York Levittown - Long Island 3258 Hempstead Turnpike Levittown, NY 11756 North Carolina Gastonia 3090 E Franklin Blvd #17 Gastonia, NC 28056 View Store Info Huntersville 9818 Gilead Rd #B104 Huntersville, NC 28078 View Store Info Mooresville 510-17 River Highway Mooresville, NC 28117 View Store Info Raleigh 7870 Alexander Promenade Place #110 Raleigh, NC 27617 View Store Info Ohio Gahanna 4780 Morse Rd, Columbus OH 43230 Polaris 1065 Gemini Place Columbus, OH 43240 Pennsylvania East Norriton 97 E Germantown Pike East Norriton PA 19401 Feasterville 180 West Street Road, Unit B Feasterville-Trevose, PA 19053 View Store Info Glen Mills 571 Wilmington Pike, Suite 1 Glen Mills, PA 19342 Langhorne 11 Summit Square Center, Store 11 Langho e, PA 19047 View Store Info Paoli 82 East Lancaster Avenue, Suite A-7 Paoli, PA 19301 View Store Info Springfield 400 S State Road, Unit S Springfield, PA 19064 View Store Info Warrington 636 Easton Road Warrington, PA 18976 West Chester 124 E Market St Unit B West Chester, PA 19382 Rhode Island Cranston 40 Sockanosset Cross Road Suite F Cranston RI 02920 View Store Info Lincoln 622 George Washington Hwy Suite 42 Lincoln, RI 02865 View Store Info South Carolina Easley 125 Rolling Hills Circle, Easley, SC 29640 Five Points - Columbia 2009 Greene Street #102 Columbia, SC 29205 Greenville - Pelham 3935 Pelham Road Greenville, SC 29615 View Store Info Irmo 1230 Bower Pkwy, Suite B1B Columbia, SC 29212 View Store Info Lexington 5225 Sunset Boulevard, Suite E Lexington, SC 29072 View Store Info Mount Pleasant 644-H1 Long Point Rd Mount Pleasant, SC 29464 View Store Info North Charleston 5070 Inte ational Blvd North Charleston, SC 29418 View Store Info Sandhill Town Center Mall 461-1 Town Center Pl Columbia, SC 29229 View Store Info Simpsonville 654 Fairview Rd, Suite E Simpsonville, SC 29680 Spartanburg 1450 W. O. Ezell Boulevard, Suite 1120 Spartanburg, SC 29301 View Store Info Summerville 1305 N Main St, Suite C Summerville, SC 29483 View Store Info Vista Bistro 1211 Lincoln St. Columbia, SC 29201 View Store Info Tennessee Franklin 430 Cool Springs Blvd, Suite 110 Franklin, TN 37067 View Store Info Memphis 6515 Poplar Ave Memphis, TN 38119 View Store Info Nashville 2414 Elliston Place Nashville, TN 37203 View Store Info Virginia Lorton 9453 Lorton Market Street Lorton, VA 22079 View Store Info Midlothian 4721 Brad McNeer Pkwy Midlothian, VA 23112 View Store Info Don't see your city? Tell us where to open our next Poke Bros! City State —Please choose an option— Alabama Alaska Arizona Arkansas California Colorado Connecticut Delaware District of Columbia Florida Georgia Hawaii Idaho Illinois Indiana Iowa Kansas Kentucky Louisiana Maine Montana Nebraska Nevada New Hampshire New Jersey New Mexico New York North Carolina North Dakota Ohio Oklahoma Oregon Maryland Massachusetts Michigan Minnesota Mississippi Missouri Pennsylvania Rhode Island South Carolina South Dakota Tennessee Texas Utah Vermont Virginia Washington West Virginia Wisconsin Wyoming Get the Scoop! Get the latest updates to our menu and receive exclusive special offers and discounts. Subscribe Thank you for subscribing!",
      "hash": "c4344f4d58f1",
      "downloadedAt": "2026-01-18T16:56:53.704Z",
      "trimmedAt": "2026-01-18T17:13:03.284Z",
      "sizeReduction": "96.4%"
    }
  ],
  "sizeReduction": "96.8%"
}