{
  "venueId": "ChIJeUV1DJd5_ogR8Jq-VTJakBc",
  "venueName": "Flat and Drum Wings",
  "venueArea": "James Island",
  "website": "http://www.flatanddrum.com/",
  "scrapedAt": "2026-01-19T02:19:36.389Z",
  "trimmedAt": "2026-01-19T02:26:02.425Z",
  "pages": [
    {
      "url": "http://www.flatanddrum.com/food-menu",
      "text": "[Page Title: Flat and Drum Wings - Food Menu]\n\nOur Menu\nMenu See MENU & Order",
      "hash": "12801539c2c5",
      "downloadedAt": "2026-01-19T02:10:06.741Z",
      "trimmedAt": "2026-01-19T02:26:02.172Z",
      "sizeReduction": "99.9%"
    },
    {
      "url": "http://www.flatanddrum.com/specials",
      "text": "[Page Title: Flat and Drum Wings - Specials]\n\nSpecials\n\nMonday January 19th\n\nHappy Hour! $20 for 20 wings or $40 for 40 wings\n\n03:00 PM - 05:00 PM\n\nTuesday January 20th\n\nHappy Hour! $20 for 20 wings or $40 for 40 wings\n\n03:00 PM - 05:00 PM\n\nWednesday January 21st\n\nHappy Hour! $20 for 20 wings or $40 for 40 wings\n\n03:00 PM - 05:00 PM\n\nThursday January 22nd\n\nHappy Hour! $20 for 20 wings or $40 for 40 wings\n\n03:00 PM - 05:00 PM\n\nFriday January 23rd\n\nHappy Hour! $20 for 20 wings or $40 for 40 wings\n\n03:00 PM - 05:00 PM",
      "hash": "7fa56379cd76",
      "downloadedAt": "2026-01-19T02:10:07.392Z",
      "trimmedAt": "2026-01-19T02:26:02.175Z",
      "sizeReduction": "99.2%"
    },
    {
      "url": "http://www.flatanddrum.com/",
      "text": "[Page Title: Flat and Drum Wings - Charleston, SC]\n\n× \nWe're hiring! Call, email, or submit an inquiry today to learn more!\nJob Listings × \nDid you know we do catering?\n\nWhatever your occasion, however big or small, we have the perfect options to choose from.\n\nCater your birthday party, holiday party, corporate events, wedding festivities and more!\nCatering Packages \nMartin Luther King Day - We just wanted to wish everyone happy MLK day!\nUpcoming Events Martin Luther King Day - We just wanted to wish everyone happy MLK day! Flat and Drum Wings \nWhere Flavor Takes Flight\n\nis a fast-casual restaurant located on James Island in Charleston, South Carolina, specializing in authentic, flavor-packed chicken wings served in both traditional and boneless styles. Our concept celebrates the classic debate of “flats vs. drums” by offering a wide variety of signature sauces, dry rubs, and specialty flavors inspired by Southern, Caribbean, African, and global cuisines.\nFlat and Drum Wings read more about us Flat and Drum Catering \nBring the flavor to your event\n\nTurn any occasion into a flavor-packed celebration with Flat and Drum Wings catering. From office lunches and family gatherings to game-day spreads and special events, we've got you covered with wings, smash burgers, sandwiches, salads, and Southern-inspired sides. Choose from our wide variety of sauces, dry rubs, and specialty flavors to create the perfect lineup for your guests. Fresh, bold, and ready to share—our catering makes it easy to serve food everyone will love.\ncatering slideshow start stop playing Slide 1 content Slide 2 content previous slide next slide \nFundraising Nights at Flat and Drum\n\nwe're proud to support the families in our community\nmore info about fundraising nights \nFlavors Beyond Ordinary\n\nExplore the Flat and Drum Menu\nOur Menu \nOrder Flat and Drum\n\nYour wings, your way—anytime\n\nCraving bold flavors on the go? Order online from Flat and Drum Wings for quick pickup or convenient delivery. From signature wings and smash burgers to fresh salads and Southern-inspired sides, our full menu is just a few clicks away. Whether it's lunch, dinner, or a late-night craving, we'll bring the flavor straight to you.\nSee MENU & Order Order Skip Photo Gallery \nReviews\nStart stop reviews carousel \nReview by - Google\n\nNastassja T:\nfive star review by \nSoooo good I had the loaded mac and cheese today and it was soo good. I initially came in for wings but I heard another customer ordering and saying how they were just there last week and how good the Mac and cheese so I switched my order to try something new and it didn't disappoint! I was shocked at how many other options were on the menu. The place was nice and clean. Staff was friendly. I'll be back to try other options\n\nReview by - Google\n\nGraham G:\nfive star review by \nI have ordered from this spot on two separate occasions: once was the smash burger and the other time I tried their 10 piece lemon pepper wings and they both were honestly outstanding. Smash burger was huge! And the wings were outstanding! Fries were super tasty—don't even need ketchup. But I like to dip them in their ranch!!\n\nReview by - Google\n\nCourtney S:\nfive star review by \nI ordered the catfish sandwich, a variety of wings, and the loaded mac & cheese with honey hot sauce, and everything was absolutely delicious! The food came out in about 15 minutes. It was hot, fresh, and full of flavor. The customer service was excellent as well. 10/10 would definitely recommend!\n\nNewsletter\n\nLocation\n\n807 Folly Road\n\nCharleston, SC\n\n29412\n\nHours\n\nFri, Sat\n\n11:00 AM - 11:00 PM\n\nSun, Mon, Tue, Wed, Thur\n\n11:00 AM - 10:00 PM\n\nFind us on...\nFacebook page Instagram page Google page \nContact us\n(843)-517-8007 Call us at drumsandflatssc@gmail.com Write us at \nPowered by:\nWebsite design, Social Media marketing and Email marketing provided by SpotHopper. × \nNewsletter",
      "hash": "a994e8d2b0d5",
      "downloadedAt": "2026-01-19T02:10:06.621Z",
      "trimmedAt": "2026-01-19T02:26:02.190Z",
      "sizeReduction": "97.5%"
    },
    {
      "url": "http://www.flatanddrum.com/events",
      "text": "[Page Title: Flat and Drum Wings - Events]\n\nEvents\nPinboard view Agenda view Calendar view Filter by month: All months January February March April May June July August September October November December \nMartin Luther King Day\n\nMonday January 19th\n\nWe just wanted to wish everyone happy MLK day!\n\nRead more\n\n11:00 AM - 10:00 PM\n\nValentine's Day\n\nSaturday February 14th\n\nJoin us on Valentine's Day for the perfect romantic evening!\n\nRead more\n\n11:00 AM - 11:00 PM\n\nInternational Women's Day\n\nSunday March 8th\n\nCome celebrate International Women's Day with us - March 8th\n\nRead more\n\n11:00 AM - 10:00 PM\n\nSt. Patrick's Day\n\nTuesday March 17th\n\nGrab your best green garb and join us for St. Patrick's Day!\n\nRead more\n\n11:00 AM - 10:00 PM\n\n0 events on Thursday, January 1st, 2026\n\n1\n\nThu\n\n0 events on Friday, January 2nd, 2026\n\n2\n\nFri\n\n0 events on Saturday, January 3rd, 2026\n\n3\n\nSat\n\n0 events on Sunday, January 4th, 2026\n\n4\n\nSun\n\n0 events on Monday, January 5th, 2026\n\n5\n\nMon\n\n0 events on Tuesday, January 6th, 2026\n\n6\n\nTue\n\n0 events on Wednesday, January 7th, 2026\n\n7\n\nWed\n\n0 events on Thursday, January 8th, 2026\n\n8\n\nThu\n\n0 events on Friday, January 9th, 2026\n\n9\n\nFri\n\n0 events on Saturday, January 10th, 2026\n\n10\n\nSat\n\n0 events on Sunday, January 11th, 2026\n\n11\n\nSun\n\n0 events on Monday, January 12th, 2026\n\n12\n\nMon\n\n0 events on Tuesday, January 13th, 2026\n\n13\n\nTue\n\n0 events on Wednesday, January 14th, 2026\n\n14\n\nWed\n\n0 events on Thursday, January 15th, 2026\n\n15\n\nThu\n\n0 events on Friday, January 16th, 2026\n\n16\n\nFri\n\n0 events on Saturday, January 17th, 2026\n\n17\n\nSat\n\n0 events on Sunday, January 18th, 2026\n\n18\n\nSun\n\n1 event on Monday, January 19th, 2026\n\n19\n\nMon\n11am-10pm Martin Luther King Day Monday, January 19th, 2026 \n0 events on Tuesday, January 20th, 2026\n\n20\n\nTue\n\n0 events on Wednesday, January 21st, 2026\n\n21\n\nWed\n\n0 events on Thursday, January 22nd, 2026\n\n22\n\nThu\n\n0 events on Friday, January 23rd, 2026\n\n23\n\nFri\n\n0 events on Saturday, January 24th, 2026\n\n24\n\nSat\n\n0 events on Sunday, January 25th, 2026\n\n25\n\nSun\n\n0 events on Monday, January 26th, 2026\n\n26\n\nMon\n\n0 events on Tuesday, January 27th, 2026\n\n27\n\nTue\n\n0 events on Wednesday, January 28th, 2026\n\n28\n\nWed\n\n0 events on Thursday, January 29th, 2026\n\n29\n\nThu\n\n0 events on Friday, January 30th, 2026\n\n30\n\nFri\n\n0 events on Saturday, January 31st, 2026\n\n31\n\nSat\n\n0 events on Sunday, February 1st, 2026\n\n1\n\nSun\n\n0 events on Monday, February 2nd, 2026\n\n2\n\nMon\n\n0 events on Tuesday, February 3rd, 2026\n\n3\n\nTue\n\n0 events on Wednesday, February 4th, 2026\n\n4\n\nWed\n\n0 events on Thursday, February 5th, 2026\n\n5\n\nThu\n\n0 events on Friday, February 6th, 2026\n\n6\n\nFri\n\n0 events on Saturday, February 7th, 2026\n\n7\n\nSat\n\n0 events on Sunday, February 8th, 2026\n\n8\n\nSun\n\n0 events on Monday, February 9th, 2026\n\n9\n\nMon\n\n0 events on Tuesday, February 10th, 2026\n\n10\n\nTue\n\n0 events on Wednesday, February 11th, 2026\n\n11\n\nWed\n\n0 events on Thursday, February 12th, 2026\n\n12\n\nThu\n\n0 events on Friday, February 13th, 2026\n\n13\n\nFri\n\n1 event on Saturday, February 14th, 2026\n\n14\n\nSat\n11am-11pm Valentine's Day Saturday, February 14th, 2026 \n0 events on Sunday, February 15th, 2026\n\n15\n\nSun\n\n0 events on Monday, February 16th, 2026\n\n16\n\nMon\n\n0 events on Tuesday, February 17th, 2026\n\n17\n\nTue\n\n0 events on Wednesday, February 18th, 2026\n\n18\n\nWed\n\n0 events on Thursday, February 19th, 2026\n\n19\n\nThu\n\n0 events on Friday, February 20th, 2026\n\n20\n\nFri\n\n0 events on Saturday, February 21st, 2026\n\n21\n\nSat\n\n0 events on Sunday, February 22nd, 2026\n\n22\n\nSun\n\n0 events on Monday, February 23rd, 2026\n\n23\n\nMon\n\n0 events on Tuesday, February 24th, 2026\n\n24\n\nTue\n\n0 events on Wednesday, February 25th, 2026\n\n25\n\nWed\n\n0 events on Thursday, February 26th, 2026\n\n26\n\nThu\n\n0 events on Friday, February 27th, 2026\n\n27\n\nFri\n\n0 events on Saturday, February 28th, 2026\n\n28\n\nSat\n\n0 events on Sunday, March 1st, 2026\n\n1\n\nSun\n\n0 events on Monday, March 2nd, 2026\n\n2\n\nMon\n\n0 events on Tuesday, March 3rd, 2026\n\n3\n\nTue\n\n0 events on Wednesday, March 4th, 2026\n\n4\n\nWed\n\n0 events on Thursday, March 5th, 2026\n\n5\n\nThu\n\n0 events on Friday, March 6th, 2026\n\n6\n\nFri\n\n0 events on Saturday, March 7th, 2026\n\n7\n\nSat\n\n1 event on Sunday, March 8th, 2026\n\n8\n\nSun\n11am-10pm International Women's Day Sunday, March 8th, 2026 \n0 events on Monday, March 9th, 2026\n\n9\n\nMon\n\n0 events on Tuesday, March 10th, 2026\n\n10\n\nTue\n\n0 events on Wednesday, March 11th, 2026\n\n11\n\nWed\n\n0 events on Thursday, March 12th, 2026\n\n12\n\nThu\n\n0 events on Friday, March 13th, 2026\n\n13\n\nFri\n\n0 events on Saturday, March 14th, 2026\n\n14\n\nSat\n\n0 events on Sunday, March 15th, 2026\n\n15\n\nSun\n\n0 events on Monday, March 16th, 2026\n\n16\n\nMon\n\n1 event on Tuesday, March 17th, 2026\n\n17\n\nTue\n11am-10pm St. Patrick's Day Tuesday, March 17th, 2026 \n0 events on Wednesday, March 18th, 2026\n\n18\n\nWed\n\n0 events on Thursday, March 19th, 2026\n\n19\n\nThu\n\n0 events on Friday, March 20th, 2026\n\n20\n\nFri\n\n0 events on Saturday, March 21st, 2026\n\n21\n\nSat\n\n0 events on Sunday, March 22nd, 2026\n\n22\n\nSun\n\n0 events on Monday, March 23rd, 2026\n\n23\n\nMon\n\n0 events on Tuesday, March 24th, 2026\n\n24\n\nTue\n\n0 events on Wednesday, March 25th, 2026\n\n25\n\nWed\n\n0 events on Thursday, March 26th, 2026\n\n26\n\nThu\n\n0 events on Friday, March 27th, 2026\n\n27\n\nFri\n\n0 events on Saturday, March 28th, 2026\n\n28\n\nSat\n\n0 events on Sunday, March 29th, 2026\n\n29\n\nSun\n\n0 events on Monday, March 30th, 2026\n\n30\n\nMon\n\n0 events on Tuesday, March 31st, 2026\n\n31\n\nTue\n\n0 events on Wednesday, April 1st, 2026\n\n1\n\nWed\n\n0 events on Thursday, April 2nd, 2026\n\n2\n\nThu\n\n0 events on Friday, April 3rd, 2026\n\n3\n\nFri\n\n0 events on Saturday, April 4th, 2026\n\n4\n\nSat\n\n0 events on Sunday, April 5th, 2026\n\n5\n\nSun\n\n0 events on Monday, April 6th, 2026\n\n6\n\nMon\n\n0 events on Tuesday, April 7th, 2026\n\n7\n\nTue\n\n0 events on Wednesday, April 8th, 2026\n\n8\n\nWed\n\n0 events on Thursday, April 9th, 2026\n\n9\n\nThu\n\n0 events on Friday, April 10th, 2026\n\n10\n\nFri\n\n0 events on Saturday, April 11th, 2026\n\n11\n\nSat\n\n0 events on Sunday, April 12th, 2026\n\n12\n\nSun\n\n0 events on Monday, April 13th, 2026\n\n13\n\nMon\n\n0 events on Tuesday, April 14th, 2026\n\n14\n\nTue\n\n0 events on Wednesday, April 15th, 2026\n\n15\n\nWed\n\n0 events on Thursday, April 16th, 2026\n\n16\n\nThu\n\n0 events on Friday, April 17th, 2026\n\n17\n\nFri\n\n0 events on Saturday, April 18th, 2026\n\n18\n\nSat\n\n0 events on Sunday, April 19th, 2026\n\n19\n\nSun\n\n0 events on Monday, April 20th, 2026\n\n20\n\nMon\n\n0 events on Tuesday, April 21st, 2026\n\n21\n\nTue\n\n0 events on Wednesday, April 22nd, 2026\n\n22\n\nWed\n\n0 events on Thursday, April 23rd, 2026\n\n23\n\nThu\n\n0 events on Friday, April 24th, 2026\n\n24\n\nFri\n\n0 events on Saturday, April 25th, 2026\n\n25\n\nSat\n\n0 events on Sunday, April 26th, 2026\n\n26\n\nSun\n\n0 events on Monday, April 27th, 2026\n\n27\n\nMon\n\n0 events on Tuesday, April 28th, 2026\n\n28\n\nTue\n\n0 events on Wednesday, April 29th, 2026\n\n29\n\nWed\n\n0 events on Thursday, April 30th, 2026\n\n30\n\nThu\n\n0 events on Friday, May 1st, 2026\n\n1\n\nFri\n\n0 events on Saturday, May 2nd, 2026\n\n2\n\nSat\n\n0 events on Sunday, May 3rd, 2026\n\n3\n\nSun\n\n0 events on Monday, May 4th, 2026\n\n4\n\nMon\n\n0 events on Tuesday, May 5th, 2026\n\n5\n\nTue\n\n0 events on Wednesday, May 6th, 2026\n\n6\n\nWed\n\n0 events on Thursday, May 7th, 2026\n\n7\n\nThu\n\n0 events on Friday, May 8th, 2026\n\n8\n\nFri\n\n0 events on Saturday, May 9th, 2026\n\n9\n\nSat\n\n0 events on Sunday, May 10th, 2026\n\n10\n\nSun\n\n0 events on Monday, May 11th, 2026\n\n11\n\nMon\n\n0 events on Tuesday, May 12th, 2026\n\n12\n\nTue\n\n0 events on Wednesday, May 13th, 2026\n\n13\n\nWed\n\n0 events on Thursday, May 14th, 2026\n\n14\n\nThu\n\n0 events on Friday, May 15th, 2026\n\n15\n\nFri\n\n0 events on Saturday, May 16th, 2026\n\n16\n\nSat\n\n0 events on Sunday, May 17th, 2026\n\n17\n\nSun\n\n0 events on Monday, May 18th, 2026\n\n18\n\nMon\n\n0 events on Tuesday, May 19th, 2026\n\n19\n\nTue\n\n0 events on Wednesday, May 20th, 2026\n\n20\n\nWed\n\n0 events on Thursday, May 21st, 2026\n\n21\n\nThu\n\n0 events on Friday, May 22nd, 2026\n\n22\n\nFri\n\n0 events on Saturday, May 23rd, 2026\n\n23\n\nSat\n\n0 events on Sunday, May 24th, 2026\n\n24\n\nSun\n\n0 events on Monday, May 25th, 2026\n\n25\n\nMon\n\n0 events on Tuesday, May 26th, 2026\n\n26\n\nTue\n\n0 events on Wednesday, May 27th, 2026\n\n27\n\nWed\n\n0 events on Thursday, May 28th, 2026\n\n28\n\nThu\n\n0 events on Friday, May 29th, 2026\n\n29\n\nFri\n\n0 events on Saturday, May 30th, 2026\n\n30\n\nSat\n\n0 events on Sunday, May 31st, 2026\n\n31\n\nSun\n\n0 events on Monday, June 1st, 2026\n\n1\n\nMon\n\n0 events on Tuesday, June 2nd, 2026\n\n2\n\nTue\n\n0 events on Wednesday, June 3rd, 2026\n\n3\n\nWed\n\n0 events on Thursday, June 4th, 2026\n\n4\n\nThu\n\n0 events on Friday, June 5th, 2026\n\n5\n\nFri\n\n0 events on Saturday, June 6th, 2026\n\n6\n\nSat\n\n0 events on Sunday, June 7th, 2026\n\n7\n\nSun\n\n0 events on Monday, June 8th, 2026\n\n8\n\nMon\n\n0 events on Tuesday, June 9th, 2026\n\n9\n\nTue\n\n0 events on Wednesday, June 10th, 2026\n\n10\n\nWed\n\n0 events on Thursday, June 11th, 2026\n\n11\n\nThu\n\n0 events on Friday, June 12th, 2026\n\n12\n\nFri\n\n0 events on Saturday, June 13th, 2026\n\n13\n\nSat\n\n0 events on Sunday, June 14th, 2026\n\n14\n\nSun\n\n0 events on Monday, June 15th, 2026\n\n15\n\nMon\n\n0 events on Tuesday, June 16th, 2026\n\n16\n\nTue\n\n0 events on Wednesday, June 17th, 2026\n\n17\n\nWed\n\n0 events on Thursday, June 18th, 2026\n\n18\n\nThu\n\n0 events on Friday, June 19th, 2026\n\n19\n\nFri\n\n0 events on Saturday, June 20th, 2026\n\n20\n\nSat\n\n0 events on Sunday, June 21st, 2026\n\n21\n\nSun\n\n0 events on Monday, June 22nd, 2026\n\n22\n\nMon\n\n0 events on Tuesday, June 23rd, 2026\n\n23\n\nTue\n\n0 events on Wednesday, June 24th, 2026\n\n24\n\nWed\n\n0 events on Thursday, June 25th, 2026\n\n25\n\nThu\n\n0 events on Friday, June 26th, 2026\n\n26\n\nFri\n\n0 events on Saturday, June 27th, 2026\n\n27\n\nSat\n\n0 events on Sunday, June 28th, 2026\n\n28\n\nSun\n\n0 events on Monday, June 29th, 2026\n\n29\n\nMon\n\n0 events on Tuesday, June 30th, 2026\n\n30\n\nTue\n\n0 events on Wednesday, July 1st, 2026\n\n1\n\nWed\n\n0 events on Thursday, July 2nd, 2026\n\n2\n\nThu\n\n0 events on Friday, July 3rd, 2026\n\n3\n\nFri\n\n0 events on Saturday, July 4th, 2026\n\n4\n\nSat\n\n0 events on Sunday, July 5th, 2026\n\n5\n\nSun\n\n0 events on Monday, July 6th, 2026\n\n6\n\nMon\n\n0 events on Tuesday, July 7th, 2026\n\n7\n\nTue\n\n0 events on Wednesday, July 8th, 2026\n\n8\n\nWed\n\n0 events on Thursday, July 9th, 2026\n\n9\n\nThu\n\n0 events on Friday, July 10th, 2026\n\n10\n\nFri\n\n0 events on Saturday, July 11th, 2026\n\n11\n\nSat\n\n0 events on Sunday, July 12th, 2026\n\n12\n\nSun\n\n0 events on Monday, July 13th, 2026\n\n13\n\nMon\n\n0 events on Tuesday, July 14th, 2026\n\n14\n\nTue\n\n0 events on Wednesday, July 15th, 2026\n\n15\n\nWed\n\n0 events on Thursday, July 16th, 2026\n\n16\n\nThu\n\n0 events on Friday, July 17th, 2026\n\n17\n\nFri\n\n0 events on Saturday, July 18th, 2026\n\n18\n\nSat\n\n0 events on Sunday, July 19th, 2026\n\n19\n\nSun\n\n0 events on Monday, July 20th, 2026\n\n20\n\nMon\n\n0 events on Tuesday, July 21st, 2026\n\n21\n\nTue\n\n0 events on Wednesday, July 22nd, 2026\n\n22\n\nWed\n\n0 events on Thursday, July 23rd, 2026\n\n23\n\nThu\n\n0 events on Friday, July 24th, 2026\n\n24\n\nFri\n\n0 events on Saturday, July 25th, 2026\n\n25\n\nSat\n\n0 events on Sunday, July 26th, 2026\n\n26\n\nSun\n\n0 events on Monday, July 27th, 2026\n\n27\n\nMon\n\n0 events on Tuesday, July 28th, 2026\n\n28\n\nTue\n\n0 events on Wednesday, July 29th, 2026\n\n29\n\nWed\n\n0 events on Thursday, July 30th, 2026\n\n30\n\nThu\n\n0 events on Friday, July 31st, 2026\n\n31\n\nFri\n\n0 events on Saturday, August 1st, 2026\n\n1\n\nSat\n\n0 events on Sunday, August 2nd, 2026\n\n2\n\nSun\n\n0 events on Monday, August 3rd, 2026\n\n3\n\nMon\n\n0 events on Tuesday, August 4th, 2026\n\n4\n\nTue\n\n0 events on Wednesday, August 5th, 2026\n\n5\n\nWed\n\n0 events on Thursday, August 6th, 2026\n\n6\n\nThu\n\n0 events on Friday, August 7th, 2026\n\n7\n\nFri\n\n0 events on Saturday, August 8th, 2026\n\n8\n\nSat\n\n0 events on Sunday, August 9th, 2026\n\n9\n\nSun\n\n0 events on Monday, August 10th, 2026\n\n10\n\nMon\n\n0 events on Tuesday, August 11th, 2026\n\n11\n\nTue\n\n0 events on Wednesday, August 12th, 2026\n\n12\n\nWed\n\n0 events on Thursday, August 13th, 2026\n\n13\n\nThu\n\n0 events on Friday, August 14th, 2026\n\n14\n\nFri\n\n0 events on Saturday, August 15th, 2026\n\n15\n\nSat\n\n0 events on Sunday, August 16th, 2026\n\n16\n\nSun\n\n0 events on Monday, August 17th, 2026\n\n17\n\nMon\n\n0 events on Tuesday, August 18th, 2026\n\n18\n\nTue\n\n0 events on Wednesday, August 19th, 2026\n\n19\n\nWed\n\n0 events on Thursday, August 20th, 2026\n\n20\n\nThu\n\n0 events on Friday, August 21st, 2026\n\n21\n\nFri\n\n0 events on Saturday, August 22nd, 2026\n\n22\n\nSat\n\n0 events on Sunday, August 23rd, 2026\n\n23\n\nSun\n\n0 events on Monday, August 24th, 2026\n\n24\n\nMon\n\n0 events on Tuesday, August 25th, 2026\n\n25\n\nTue\n\n0 events on Wednesday, August 26th, 2026\n\n26\n\nWed\n\n0 events on Thursday, August 27th, 2026\n\n27\n\nThu\n\n0 events on Friday, August 28th, 2026\n\n28\n\nFri\n\n0 events on Saturday, August 29th, 2026\n\n29\n\nSat\n\n0 events on Sunday, August 30th, 2026\n\n30\n\nSun\n\n0 events on Monday, August 31st, 2026\n\n31\n\nMon\n\n0 events on Tuesday, September 1st, 2026\n\n1\n\nTue\n\n0 events on Wednesday, September 2nd, 2026\n\n2\n\nWed\n\n0 events on Thursday, September 3rd, 2026\n\n3\n\nThu\n\n0 events on Friday, September 4th, 2026\n\n4\n\nFri\n\n0 events on Saturday, September 5th, 2026\n\n5\n\nSat\n\n0 events on Sunday, September 6th, 2026\n\n6\n\nSun\n\n0 events on Monday, September 7th, 2026\n\n7\n\nMon\n\n0 events on Tuesday, September 8th, 2026\n\n8\n\nTue\n\n0 events on Wednesday, September 9th, 2026\n\n9\n\nWed\n\n0 events on Thursday, September 10th, 2026\n\n10\n\nThu\n\n0 events on Friday, September 11th, 2026\n\n11\n\nFri\n\n0 events on Saturday, September 12th, 2026\n\n12\n\nSat\n\n0 events on Sunday, September 13th, 2026\n\n13\n\nSun\n\n0 events on Monday, September 14th, 2026\n\n14\n\nMon\n\n0 events on Tuesday, September 15th, 2026\n\n15\n\nTue\n\n0 events on Wednesday, September 16th, 2026\n\n16\n\nWed\n\n0 events on Thursday, September 17th, 2026\n\n17\n\nThu\n\n0 events on Friday, September 18th, 2026\n\n18\n\nFri\n\n0 events on Saturday, September 19th, 2026\n\n19\n\nSat\n\n0 events on Sunday, September 20th, 2026\n\n20\n\nSun\n\n0 events on Monday, September 21st, 2026\n\n21\n\nMon\n\n0 events on Tuesday, September 22nd, 2026\n\n22\n\nTue\n\n0 events on Wednesday, September 23rd, 2026\n\n23\n\nWed\n\n0 events on Thursday, September 24th, 2026\n\n24\n\nThu\n\n0 events on Friday, September 25th, 2026\n\n25\n\nFri\n\n0 events on Saturday, September 26th, 2026\n\n26\n\nSat\n\n0 events on Sunday, September 27th, 2026\n\n27\n\nSun\n\n0 events on Monday, September 28th, 2026\n\n28\n\nMon\n\n0 events on Tuesday, September 29th, 2026\n\n29\n\nTue\n\n0 events on Wednesday, September 30th, 2026\n\n30\n\nWed\n\n0 events on Thursday, October 1st, 2026\n\n1\n\nThu\n\n0 events on Friday, October 2nd, 2026\n\n2\n\nFri\n\n0 events on Saturday, October 3rd, 2026\n\n3\n\nSat\n\n0 events on Sunday, October 4th, 2026\n\n4\n\nSun\n\n0 events on Monday, October 5th, 2026\n\n5\n\nMon\n\n0 events on Tuesday, October 6th, 2026\n\n6\n\nTue\n\n0 events on Wednesday, October 7th, 2026\n\n7\n\nWed\n\n0 events on Thursday, October 8th, 2026\n\n8\n\nThu\n\n0 events on Friday, October 9th, 2026\n\n9\n\nFri\n\n0 events on Saturday, October 10th, 2026\n\n10\n\nSat\n\n0 events on Sunday, October 11th, 2026\n\n11\n\nSun\n\n0 events on Monday, October 12th, 2026\n\n12\n\nMon\n\n0 events on Tuesday, October 13th, 2026\n\n13\n\nTue\n\n0 events on Wednesday, October 14th, 2026\n\n14\n\nWed\n\n0 events on Thursday, October 15th, 2026\n\n15\n\nThu\n\n0 events on Friday, October 16th, 2026\n\n16\n\nFri\n\n0 events on Saturday, October 17th, 2026\n\n17\n\nSat\n\n0 events on Sunday, October 18th, 2026\n\n18\n\nSun\n\n0 events on Monday, October 19th, 2026\n\n19\n\nMon\n\n0 events on Tuesday, October 20th, 2026\n\n20\n\nTue\n\n0 events on Wednesday, October 21st, 2026\n\n21\n\nWed\n\n0 events on Thursday, October 22nd, 2026\n\n22\n\nThu\n\n0 events on Friday, October 23rd, 2026\n\n23\n\nFri\n\n0 events on Saturday, October 24th, 2026\n\n24\n\nSat\n\n0 events on Sunday, October 25th, 2026\n\n25\n\nSun\n\n0 events on Monday, October 26th, 2026\n\n26\n\nMon\n\n0 events on Tuesday, October 27th, 2026\n\n27\n\nTue\n\n0 events on Wednesday, October 28th, 2026\n\n28\n\nWed\n\n0 events on Thursday, October 29th, 2026\n\n29\n\nThu\n\n0 events on Friday, October 30th, 2026\n\n30\n\nFri\n\n0 events on Saturday, October 31st, 2026\n\n31\n\nSat\n\n0 events on Sunday, November 1st, 2026\n\n1\n\nSun\n\n0 events on Monday, November 2nd, 2026\n\n2\n\nMon\n\n0 events on Tuesday, November 3rd, 2026\n\n3\n\nTue\n\n0 events on Wednesday, November 4th, 2026\n\n4\n\nWed\n\n0 events on Thursday, November 5th, 2026\n\n5\n\nThu\n\n0 events on Friday, November 6th, 2026\n\n6\n\nFri\n\n0 events on Saturday, November 7th, 2026\n\n7\n\nSat\n\n0 events on Sunday, November 8th, 2026\n\n8\n\nSun\n\n0 events on Monday, November 9th, 2026\n\n9\n\nMon\n\n0 events on Tuesday, November 10th, 2026\n\n10\n\nTue\n\n0 events on Wednesday, November 11th, 2026\n\n11\n\nWed\n\n0 events on Thursday, November 12th, 2026\n\n12\n\nThu\n\n0 events on Friday, November 13th, 2026\n\n13\n\nFri\n\n0 events on Saturday, November 14th, 2026\n\n14\n\nSat\n\n0 events on Sunday, November 15th, 2026\n\n15\n\nSun\n\n0 events on Monday, November 16th, 2026\n\n16\n\nMon\n\n0 events on Tuesday, November 17th, 2026\n\n17\n\nTue\n\n0 events on Wednesday, November 18th, 2026\n\n18\n\nWed\n\n0 events on Thursday, November 19th, 2026\n\n19\n\nThu\n\n0 events on Friday, November 20th, 2026\n\n20\n\nFri\n\n0 events on Saturday, November 21st, 2026\n\n21\n\nSat\n\n0 events on Sunday, November 22nd, 2026\n\n22\n\nSun\n\n0 events on Monday, November 23rd, 2026\n\n23\n\nMon\n\n0 events on Tuesday, November 24th, 2026\n\n24\n\nTue\n\n0 events on Wednesday, November 25th, 2026\n\n25\n\nWed\n\n0 events on Thursday, November 26th, 2026\n\n26\n\nThu\n\n0 events on Friday, November 27th, 2026\n\n27\n\nFri\n\n0 events on Saturday, November 28th, 2026\n\n28\n\nSat\n\n0 events on Sunday, November 29th, 2026\n\n29\n\nSun\n\n0 events on Monday, November 30th, 2026\n\n30\n\nMon\n\n0 events on Tuesday, December 1st, 2026\n\n1\n\nTue\n\n0 events on Wednesday, December 2nd, 2026\n\n2\n\nWed\n\n0 events on Thursday, December 3rd, 2026\n\n3\n\nThu\n\n0 events on Friday, December 4th, 2026\n\n4\n\nFri\n\n0 events on Saturday, December 5th, 2026\n\n5\n\nSat\n\n0 events on Sunday, December 6th, 2026\n\n6\n\nSun\n\n0 events on Monday, December 7th, 2026\n\n7\n\nMon\n\n0 events on Tuesday, December 8th, 2026\n\n8\n\nTue\n\n0 events on Wednesday, December 9th, 2026\n\n9\n\nWed\n\n0 events on Thursday, December 10th, 2026\n\n10\n\nThu\n\n0 events on Friday, December 11th, 2026\n\n11\n\nFri\n\n0 events on Saturday, December 12th, 2026\n\n12\n\nSat\n\n0 events on Sunday, December 13th, 2026\n\n13\n\nSun\n\n0 events on Monday, December 14th, 2026\n\n14\n\nMon\n\n0 events on Tuesday, December 15th, 2026\n\n15\n\nTue\n\n0 events on Wednesday, December 16th, 2026\n\n16\n\nWed\n\n0 events on Thursday, December 17th, 2026\n\n17\n\nThu\n\n0 events on Friday, December 18th, 2026\n\n18\n\nFri\n\n0 events on Saturday, December 19th, 2026\n\n19\n\nSat\n\n0 events on Sunday, December 20th, 2026\n\n20\n\nSun\n\n0 events on Monday, December 21st, 2026\n\n21\n\nMon\n\n0 events on Tuesday, December 22nd, 2026\n\n22\n\nTue\n\n0 events on Wednesday, December 23rd, 2026\n\n23\n\nWed\n\n0 events on Thursday, December 24th, 2026\n\n24\n\nThu\n\n0 events on Friday, December 25th, 2026\n\n25\n\nFri\n\n0 events on Saturday, December 26th, 2026\n\n26\n\nSat\n\n0 events on Sunday, December 27th, 2026\n\n27\n\nSun\n\n0 events on Monday, December 28th, 2026\n\n28\n\nMon\n\n0 events on Tuesday, December 29th, 2026\n\n29\n\nTue\n\n0 events on Wednesday, December 30th, 2026\n\n30\n\nWed\n\n0 events on Thursday, December 31st, 2026\n\n31\n\nThu\n\n0 events on Friday, January 1st, 2027\n\n1\n\nFri\n\n0 events on Saturday, January 2nd, 2027\n\n2\n\nSat\n\n0 events on Sunday, January 3rd, 2027\n\n3\n\nSun\n\n0 events on Monday, January 4th, 2027\n\n4\n\nMon\n\n0 events on Tuesday, January 5th, 2027\n\n5\n\nTue\n\n0 events on Wednesday, January 6th, 2027\n\n6\n\nWed\n\n0 events on Thursday, January 7th, 2027\n\n7\n\nThu\n\n0 events on Friday, January 8th, 2027\n\n8\n\nFri\n\n0 events on Saturday, January 9th, 2027\n\n9\n\nSat\n\n0 events on Sunday, January 10th, 2027\n\n10\n\nSun\n\n0 events on Monday, January 11th, 2027\n\n11\n\nMon\n\n0 events on Tuesday, January 12th, 2027\n\n12\n\nTue\n\n0 events on Wednesday, January 13th, 2027\n\n13\n\nWed\n\n0 events on Thursday, January 14th, 2027\n\n14\n\nThu\n\n0 events on Friday, January 15th, 2027\n\n15\n\nFri\n\n0 events on Saturday, January 16th, 2027\n\n16\n\nSat\n\n0 events on Sunday, January 17th, 2027\n\n17\n\nSun\n\n0 events on Monday, January 18th, 2027\n\n18\n\nMon\n\n0 events on Tuesday, January 19th, 2027\n\n19\n\nTue\n\n0 events on Wednesday, January 20th, 2027\n\n20\n\nWed\n\n0 events on Thursday, January 21st, 2027\n\n21\n\nThu\n\n0 events on Friday, January 22nd, 2027\n\n22\n\nFri\n\n0 events on Saturday, January 23rd, 2027\n\n23\n\nSat\n\n0 events on Sunday, January 24th, 2027\n\n24\n\nSun\n\n0 events on Monday, January 25th, 2027\n\n25\n\nMon\n\n0 events on Tuesday, January 26th, 2027\n\n26\n\nTue\n\n0 events on Wednesday, January 27th, 2027\n\n27\n\nWed\n\n0 events on Thursday, January 28th, 2027\n\n28\n\nThu\n\n0 events on Friday, January 29th, 2027\n\n29\n\nFri\n\n0 events on Saturday, January 30th, 2027\n\n30\n\nSat\n\n0 events on Sunday, January 31st, 2027\n\n31\n\nSun\n\n0 events on Monday, February 1st, 2027\n\n1\n\nMon\n\n0 events on Tuesday, February 2nd, 2027\n\n2\n\nTue\n\n0 events on Wednesday, February 3rd, 2027\n\n3\n\nWed\n\n0 events on Thursday, February 4th, 2027\n\n4\n\nThu\n\n0 events on Friday, February 5th, 2027\n\n5\n\nFri\n\n0 events on Saturday, February 6th, 2027\n\n6\n\nSat\n\n0 events on Sunday, February 7th, 2027\n\n7\n\nSun\n\n0 events on Monday, February 8th, 2027\n\n8\n\nMon\n\n0 events on Tuesday, February 9th, 2027\n\n9\n\nTue\n\n0 events on Wednesday, February 10th, 2027\n\n10\n\nWed\n\n0 events on Thursday, February 11th, 2027\n\n11\n\nThu\n\n0 events on Friday, February 12th, 2027\n\n12\n\nFri\n\n0 events on Saturday, February 13th, 2027\n\n13\n\nSat\n\n0 events on Sunday, February 14th, 2027\n\n14\n\nSun\n\n0 events on Monday, February 15th, 2027\n\n15\n\nMon\n\n0 events on Tuesday, February 16th, 2027\n\n16\n\nTue\n\n0 events on Wednesday, February 17th, 2027\n\n17\n\nWed\n\n0 events on Thursday, February 18th, 2027\n\n18\n\nThu\n\n0 events on Friday, February 19th, 2027\n\n19\n\nFri\n\n0 events on Saturday, February 20th, 2027\n\n20\n\nSat\n\n0 events on Sunday, February 21st, 2027\n\n21\n\nSun\n\n0 events on Monday, February 22nd, 2027\n\n22\n\nMon\n\n0 events on Tuesday, February 23rd, 2027\n\n23\n\nTue\n\n0 events on Wednesday, February 24th, 2027\n\n24\n\nWed\n\n0 events on Thursday, February 25th, 2027\n\n25\n\nThu\n\n0 events on Friday, February 26th, 2027\n\n26\n\nFri\n\n0 events on Saturday, February 27th, 2027\n\n27\n\nSat\n\n0 events on Sunday, February 28th, 2027\n\n28\n\nSun\n\n0 events on Monday, March 1st, 2027\n\n1\n\nMon\n\n0 events on Tuesday, March 2nd, 2027\n\n2\n\nTue\n\n0 events on Wednesday, March 3rd, 2027\n\n3\n\nWed\n\n0 events on Thursday, March 4th, 2027\n\n4\n\nThu\n\n0 events on Friday, March 5th, 2027\n\n5\n\nFri\n\n0 events on Saturday, March 6th, 2027\n\n6\n\nSat\n\n0 events on Sunday, March 7th, 2027\n\n7\n\nSun\n\n0 events on Monday, March 8th, 2027\n\n8\n\nMon\n\n0 events on Tuesday, March 9th, 2027\n\n9\n\nTue\n\n0 events on Wednesday, March 10th, 2027\n\n10\n\nWed\n\n0 events on Thursday, March 11th, 2027\n\n11\n\nThu\n\n0 events on Friday, March 12th, 2027\n\n12\n\nFri\n\n0 events on Saturday, March 13th, 2027\n\n13\n\nSat\n\n0 events on Sunday, March 14th, 2027\n\n14\n\nSun\n\n0 events on Monday, March 15th, 2027\n\n15\n\nMon\n\n0 events on Tuesday, March 16th, 2027\n\n16\n\nTue\n\n0 events on Wednesday, March 17th, 2027\n\n17\n\nWed\n\n0 events on Thursday, March 18th, 2027\n\n18\n\nThu\n\n0 events on Friday, March 19th, 2027\n\n19\n\nFri\n\n0 events on Saturday, March 20th, 2027\n\n20\n\nSat\n\n0 events on Sunday, March 21st, 2027\n\n21\n\nSun\n\n0 events on Monday, March 22nd, 2027\n\n22\n\nMon\n\n0 events on Tuesday, March 23rd, 2027\n\n23\n\nTue\n\n0 events on Wednesday, March 24th, 2027\n\n24\n\nWed\n\n0 events on Thursday, March 25th, 2027\n\n25\n\nThu\n\n0 events on Friday, March 26th, 2027\n\n26\n\nFri\n\n0 events on Saturday, March 27th, 2027\n\n27\n\nSat\n\n0 events on Sunday, March 28th, 2027\n\n28\n\nSun\n\n0 events on Monday, March 29th, 2027\n\n29\n\nMon\n\n0 events on Tuesday, March 30th, 2027\n\n30\n\nTue\n\n0 events on Wednesday, March 31st, 2027\n\n31\n\nWed\n\n0 events on Thursday, April 1st, 2027\n\n1\n\nThu\n\n0 events on Friday, April 2nd, 2027\n\n2\n\nFri\n\n0 events on Saturday, April 3rd, 2027\n\n3\n\nSat\n\n0 events on Sunday, April 4th, 2027\n\n4\n\nSun\n\n0 events on Monday, April 5th, 2027\n\n5\n\nMon\n\n0 events on Tuesday, April 6th, 2027\n\n6\n\nTue\n\n0 events on Wednesday, April 7th, 2027\n\n7\n\nWed\n\n0 events on Thursday, April 8th, 2027\n\n8\n\nThu\n\n0 events on Friday, April 9th, 2027\n\n9\n\nFri\n\n0 events on Saturday, April 10th, 2027\n\n10\n\nSat\n\n0 events on Sunday, April 11th, 2027\n\n11\n\nSun\n\n0 events on Monday, April 12th, 2027\n\n12\n\nMon\n\n0 events on Tuesday, April 13th, 2027\n\n13\n\nTue\n\n0 events on Wednesday, April 14th, 2027\n\n14\n\nWed\n\n0 events on Thursday, April 15th, 2027\n\n15\n\nThu\n\n0 events on Friday, April 16th, 2027\n\n16\n\nFri\n\n0 events on Saturday, April 17th, 2027\n\n17\n\nSat\n\n0 events on Sunday, April 18th, 2027\n\n18\n\nSun\n\n0 events on Monday, April 19th, 2027\n\n19\n\nMon\n\n0 events on Tuesday, April 20th, 2027\n\n20\n\nTue\n\n0 events on Wednesday, April 21st, 2027\n\n21\n\nWed\n\n0 events on Thursday, April 22nd, 2027\n\n22\n\nThu\n\n0 events on Friday, April 23rd, 2027\n\n23\n\nFri\n\n0 events on Saturday, April 24th, 2027\n\n24\n\nSat\n\n0 events on Sunday, April 25th, 2027\n\n25\n\nSun\n\n0 events on Monday, April 26th, 2027\n\n26\n\nMon\n\n0 events on Tuesday, April 27th, 2027\n\n27\n\nTue\n\n0 events on Wednesday, April 28th, 2027\n\n28\n\nWed\n\n0 events on Thursday, April 29th, 2027\n\n29\n\nThu\n\n0 events on Friday, April 30th, 2027\n\n30\n\nFri\n\n0 events on Saturday, May 1st, 2027\n\n1\n\nSat\n\n0 events on Sunday, May 2nd, 2027\n\n2\n\nSun\n\n0 events on Monday, May 3rd, 2027\n\n3\n\nMon\n\n0 events on Tuesday, May 4th, 2027\n\n4\n\nTue\n\n0 events on Wednesday, May 5th, 2027\n\n5\n\nWed\n\n0 events on Thursday, May 6th, 2027\n\n6\n\nThu\n\n0 events on Friday, May 7th, 2027\n\n7\n\nFri\n\n0 events on Saturday, May 8th, 2027\n\n8\n\nSat\n\n0 events on Sunday, May 9th, 2027\n\n9\n\nSun\n\n0 events on Monday, May 10th, 2027\n\n10\n\nMon\n\n0 events on Tuesday, May 11th, 2027\n\n11\n\nTue\n\n0 events on Wednesday, May 12th, 2027\n\n12\n\nWed\n\n0 events on Thursday, May 13th, 2027\n\n13\n\nThu\n\n0 events on Friday, May 14th, 2027\n\n14\n\nFri\n\n0 events on Saturday, May 15th, 2027\n\n15\n\nSat\n\n0 events on Sunday, May 16th, 2027\n\n16\n\nSun\n\n0 events on Monday, May 17th, 2027\n\n17\n\nMon\n\n0 events on Tuesday, May 18th, 2027\n\n18\n\nTue\n\n0 events on Wednesday, May 19th, 2027\n\n19\n\nWed\n\n0 events on Thursday, May 20th, 2027\n\n20\n\nThu\n\n0 events on Friday, May 21st, 2027\n\n21\n\nFri\n\n0 events on Saturday, May 22nd, 2027\n\n22\n\nSat\n\n0 events on Sunday, May 23rd, 2027\n\n23\n\nSun\n\n0 events on Monday, May 24th, 2027\n\n24\n\nMon\n\n0 events on Tuesday, May 25th, 2027\n\n25\n\nTue\n\n0 events on Wednesday, May 26th, 2027\n\n26\n\nWed\n\n0 events on Thursday, May 27th, 2027\n\n27\n\nThu\n\n0 events on Friday, May 28th, 2027\n\n28\n\nFri\n\n0 events on Saturday, May 29th, 2027\n\n29\n\nSat\n\n0 events on Sunday, May 30th, 2027\n\n30\n\nSun\n\n0 events on Monday, May 31st, 2027\n\n31\n\nMon\n\n0 events on Tuesday, June 1st, 2027\n\n1\n\nTue\n\n0 events on Wednesday, June 2nd, 2027\n\n2\n\nWed\n\n0 events on Thursday, June 3rd, 2027\n\n3\n\nThu\n\n0 events on Friday, June 4th, 2027\n\n4\n\nFri\n\n0 events on Saturday, June 5th, 2027\n\n5\n\nSat\n\n0 events on Sunday, June 6th, 2027\n\n6\n\nSun\n\n0 events on Monday, June 7th, 2027\n\n7\n\nMon\n\n0 events on Tuesday, June 8th, 2027\n\n8\n\nTue\n\n0 events on Wednesday, June 9th, 2027\n\n9\n\nWed\n\n0 events on Thursday, June 10th, 2027\n\n10\n\nThu\n\n0 events on Friday, June 11th, 2027\n\n11\n\nFri\n\n0 events on Saturday, June 12th, 2027\n\n12\n\nSat\n\n0 events on Sunday, June 13th, 2027\n\n13\n\nSun\n\n0 events on Monday, June 14th, 2027\n\n14\n\nMon\n\n0 events on Tuesday, June 15th, 2027\n\n15\n\nTue\n\n0 events on Wednesday, June 16th, 2027\n\n16\n\nWed\n\n0 events on Thursday, June 17th, 2027\n\n17\n\nThu\n\n0 events on Friday, June 18th, 2027\n\n18\n\nFri\n\n0 events on Saturday, June 19th, 2027\n\n19\n\nSat\n\n0 events on Sunday, June 20th, 2027\n\n20\n\nSun\n\n0 events on Monday, June 21st, 2027\n\n21\n\nMon\n\n0 events on Tuesday, June 22nd, 2027\n\n22\n\nTue\n\n0 events on Wednesday, June 23rd, 2027\n\n23\n\nWed\n\n0 events on Thursday, June 24th, 2027\n\n24\n\nThu\n\n0 events on Friday, June 25th, 2027\n\n25\n\nFri\n\n0 events on Saturday, June 26th, 2027\n\n26\n\nSat\n\n0 events on Sunday, June 27th, 2027\n\n27\n\nSun\n\n0 events on Monday, June 28th, 2027\n\n28\n\nMon\n\n0 events on Tuesday, June 29th, 2027\n\n29\n\nTue\n\n0 events on Wednesday, June 30th, 2027\n\n30\n\nWed\n\n0 events on Thursday, July 1st, 2027\n\n1\n\nThu\n\n0 events on Friday, July 2nd, 2027\n\n2\n\nFri\n\n0 events on Saturday, July 3rd, 2027\n\n3\n\nSat\n\n0 events on Sunday, July 4th, 2027\n\n4\n\nSun\n\n0 events on Monday, July 5th, 2027\n\n5\n\nMon\n\n0 events on Tuesday, July 6th, 2027\n\n6\n\nTue\n\n0 events on Wednesday, July 7th, 2027\n\n7\n\nWed\n\n0 events on Thursday, July 8th, 2027\n\n8\n\nThu\n\n0 events on Friday, July 9th, 2027\n\n9\n\nFri\n\n0 events on Saturday, July 10th, 2027\n\n10\n\nSat\n\n0 events on Sunday, July 11th, 2027\n\n11\n\nSun\n\n0 events on Monday, July 12th, 2027\n\n12\n\nMon\n\n0 events on Tuesday, July 13th, 2027\n\n13\n\nTue\n\n0 events on Wednesday, July 14th, 2027\n\n14\n\nWed\n\n0 events on Thursday, July 15th, 2027\n\n15\n\nThu\n\n0 events on Friday, July 16th, 2027\n\n16\n\nFri\n\n0 events on Saturday, July 17th, 2027\n\n17\n\nSat\n\n0 events on Sunday, July 18th, 2027\n\n18\n\nSun\n\n0 events on Monday, July 19th, 2027\n\n19\n\nMon\n\n0 events on Tuesday, July 20th, 2027\n\n20\n\nTue\n\n0 events on Wednesday, July 21st, 2027\n\n21\n\nWed\n\n0 events on Thursday, July 22nd, 2027\n\n22\n\nThu\n\n0 events on Friday, July 23rd, 2027\n\n23\n\nFri\n\n0 events on Saturday, July 24th, 2027\n\n24\n\nSat\n\n0 events on Sunday, July 25th, 2027\n\n25\n\nSun\n\n0 events on Monday, July 26th, 2027\n\n26\n\nMon\n\n0 events on Tuesday, July 27th, 2027\n\n27\n\nTue\n\n0 events on Wednesday, July 28th, 2027\n\n28\n\nWed\n\n0 events on Thursday, July 29th, 2027\n\n29\n\nThu\n\n0 events on Friday, July 30th, 2027\n\n30\n\nFri\n\n0 events on Saturday, July 31st, 2027\n\n31\n\nSat\n\n0 events on Sunday, August 1st, 2027\n\n1\n\nSun\n\n0 events on Monday, August 2nd, 2027\n\n2\n\nMon\n\n0 events on Tuesday, August 3rd, 2027\n\n3\n\nTue\n\n0 events on Wednesday, August 4th, 2027\n\n4\n\nWed\n\n0 events on Thursday, August 5th, 2027\n\n5\n\nThu\n\n0 events on Friday, August 6th, 2027\n\n6\n\nFri\n\n0 events on Saturday, August 7th, 2027\n\n7\n\nSat\n\n0 events on Sunday, August 8th, 2027\n\n8\n\nSun\n\n0 events on Monday, August 9th, 2027\n\n9\n\nMon\n\n0 events on Tuesday, August 10th, 2027\n\n10\n\nTue\n\n0 events on Wednesday, August 11th, 2027\n\n11\n\nWed\n\n0 events on Thursday, August 12th, 2027\n\n12\n\nThu\n\n0 events on Friday, August 13th, 2027\n\n13\n\nFri\n\n0 events on Saturday, August 14th, 2027\n\n14\n\nSat\n\n0 events on Sunday, August 15th, 2027\n\n15\n\nSun\n\n0 events on Monday, August 16th, 2027\n\n16\n\nMon\n\n0 events on Tuesday, August 17th, 2027\n\n17\n\nTue\n\n0 events on Wednesday, August 18th, 2027\n\n18\n\nWed\n\n0 events on Thursday, August 19th, 2027\n\n19\n\nThu\n\n0 events on Friday, August 20th, 2027\n\n20\n\nFri\n\n0 events on Saturday, August 21st, 2027\n\n21\n\nSat\n\n0 events on Sunday, August 22nd, 2027\n\n22\n\nSun\n\n0 events on Monday, August 23rd, 2027\n\n23\n\nMon\n\n0 events on Tuesday, August 24th, 2027\n\n24\n\nTue\n\n0 events on Wednesday, August 25th, 2027\n\n25\n\nWed\n\n0 events on Thursday, August 26th, 2027\n\n26\n\nThu\n\n0 events on Friday, August 27th, 2027\n\n27\n\nFri\n\n0 events on Saturday, August 28th, 2027\n\n28\n\nSat\n\n0 events on Sunday, August 29th, 2027\n\n29\n\nSun\n\n0 events on Monday, August 30th, 2027\n\n30\n\nMon\n\n0 events on Tuesday, August 31st, 2027\n\n31\n\nTue\n\n0 events on Wednesday, September 1st, 2027\n\n1\n\nWed\n\n0 events on Thursday, September 2nd, 2027\n\n2\n\nThu\n\n0 events on Friday, September 3rd, 2027\n\n3\n\nFri\n\n0 events on Saturday, September 4th, 2027\n\n4\n\nSat\n\n0 events on Sunday, September 5th, 2027\n\n5\n\nSun\n\n0 events on Monday, September 6th, 2027\n\n6\n\nMon\n\n0 events on Tuesday, September 7th, 2027\n\n7\n\nTue\n\n0 events on Wednesday, September 8th, 2027\n\n8\n\nWed\n\n0 events on Thursday, September 9th, 2027\n\n9\n\nThu\n\n0 events on Friday, September 10th, 2027\n\n10\n\nFri\n\n0 events on Saturday, September 11th, 2027\n\n11\n\nSat\n\n0 events on Sunday, September 12th, 2027\n\n12\n\nSun\n\n0 events on Monday, September 13th, 2027\n\n13\n\nMon\n\n0 events on Tuesday, September 14th, 2027\n\n14\n\nTue\n\n0 events on Wednesday, September 15th, 2027\n\n15\n\nWed\n\n0 events on Thursday, September 16th, 2027\n\n16\n\nThu\n\n0 events on Friday, September 17th, 2027\n\n17\n\nFri\n\n0 events on Saturday, September 18th, 2027\n\n18\n\nSat\n\n0 events on Sunday, September 19th, 2027\n\n19\n\nSun\n\n0 events on Monday, September 20th, 2027\n\n20\n\nMon\n\n0 events on Tuesday, September 21st, 2027\n\n21\n\nTue\n\n0 events on Wednesday, September 22nd, 2027\n\n22\n\nWed\n\n0 events on Thursday, September 23rd, 2027\n\n23\n\nThu\n\n0 events on Friday, September 24th, 2027\n\n24\n\nFri\n\n0 events on Saturday, September 25th, 2027\n\n25\n\nSat\n\n0 events on Sunday, September 26th, 2027\n\n26\n\nSun\n\n0 events on Monday, September 27th, 2027\n\n27\n\nMon\n\n0 events on Tuesday, September 28th, 2027\n\n28\n\nTue\n\n0 events on Wednesday, September 29th, 2027\n\n29\n\nWed\n\n0 events on Thursday, September 30th, 2027\n\n30\n\nThu\n\n0 events on Friday, October 1st, 2027\n\n1\n\nFri\n\n0 events on Saturday, October 2nd, 2027\n\n2\n\nSat\n\n0 events on Sunday, October 3rd, 2027\n\n3\n\nSun\n\n0 events on Monday, October 4th, 2027\n\n4\n\nMon\n\n0 events on Tuesday, October 5th, 2027\n\n5\n\nTue\n\n0 events on Wednesday, October 6th, 2027\n\n6\n\nWed\n\n0 events on Thursday, October 7th, 2027\n\n7\n\nThu\n\n0 events on Friday, October 8th, 2027\n\n8\n\nFri\n\n0 events on Saturday, October 9th, 2027\n\n9\n\nSat\n\n0 events on Sunday, October 10th, 2027\n\n10\n\nSun\n\n0 events on Monday, October 11th, 2027\n\n11\n\nMon\n\n0 events on Tuesday, October 12th, 2027\n\n12\n\nTue\n\n0 events on Wednesday, October 13th, 2027\n\n13\n\nWed\n\n0 events on Thursday, October 14th, 2027\n\n14\n\nThu\n\n0 events on Friday, October 15th, 2027\n\n15\n\nFri\n\n0 events on Saturday, October 16th, 2027\n\n16\n\nSat\n\n0 events on Sunday, October 17th, 2027\n\n17\n\nSun\n\n0 events on Monday, October 18th, 2027\n\n18\n\nMon\n\n0 events on Tuesday, October 19th, 2027\n\n19\n\nTue\n\n0 events on Wednesday, October 20th, 2027\n\n20\n\nWed\n\n0 events on Thursday, October 21st, 2027\n\n21\n\nThu\n\n0 events on Friday, October 22nd, 2027\n\n22\n\nFri\n\n0 events on Saturday, October 23rd, 2027\n\n23\n\nSat\n\n0 events on Sunday, October 24th, 2027\n\n24\n\nSun\n\n0 events on Monday, October 25th, 2027\n\n25\n\nMon\n\n0 events on Tuesday, October 26th, 2027\n\n26\n\nTue\n\n0 events on Wednesday, October 27th, 2027\n\n27\n\nWed\n\n0 events on Thursday, October 28th, 2027\n\n28\n\nThu\n\n0 events on Friday, October 29th, 2027\n\n29\n\nFri\n\n0 events on Saturday, October 30th, 2027\n\n30\n\nSat\n\n0 events on Sunday, October 31st, 2027\n\n31\n\nSun\n\n0 events on Monday, November 1st, 2027\n\n1\n\nMon\n\n0 events on Tuesday, November 2nd, 2027\n\n2\n\nTue\n\n0 events on Wednesday, November 3rd, 2027\n\n3\n\nWed\n\n0 events on Thursday, November 4th, 2027\n\n4\n\nThu\n\n0 events on Friday, November 5th, 2027\n\n5\n\nFri\n\n0 events on Saturday, November 6th, 2027\n\n6\n\nSat\n\n0 events on Sunday, November 7th, 2027\n\n7\n\nSun\n\n0 events on Monday, November 8th, 2027\n\n8\n\nMon\n\n0 events on Tuesday, November 9th, 2027\n\n9\n\nTue\n\n0 events on Wednesday, November 10th, 2027\n\n10\n\nWed\n\n0 events on Thursday, November 11th, 2027\n\n11\n\nThu\n\n0 events on Friday, November 12th, 2027\n\n12\n\nFri\n\n0 events on Saturday, November 13th, 2027\n\n13\n\nSat\n\n0 events on Sunday, November 14th, 2027\n\n14\n\nSun\n\n0 events on Monday, November 15th, 2027\n\n15\n\nMon\n\n0 events on Tuesday, November 16th, 2027\n\n16\n\nTue\n\n0 events on Wednesday, November 17th, 2027\n\n17\n\nWed\n\n0 events on Thursday, November 18th, 2027\n\n18\n\nThu\n\n0 events on Friday, November 19th, 2027\n\n19\n\nFri\n\n0 events on Saturday, November 20th, 2027\n\n20\n\nSat\n\n0 events on Sunday, November 21st, 2027\n\n21\n\nSun\n\n0 events on Monday, November 22nd, 2027\n\n22\n\nMon\n\n0 events on Tuesday, November 23rd, 2027\n\n23\n\nTue\n\n0 events on Wednesday, November 24th, 2027\n\n24\n\nWed\n\n0 events on Thursday, November 25th, 2027\n\n25\n\nThu\n\n0 events on Friday, November 26th, 2027\n\n26\n\nFri\n\n0 events on Saturday, November 27th, 2027\n\n27\n\nSat\n\n0 events on Sunday, November 28th, 2027\n\n28\n\nSun\n\n0 events on Monday, November 29th, 2027\n\n29\n\nMon\n\n0 events on Tuesday, November 30th, 2027\n\n30\n\nTue\n\n0 events on Wednesday, December 1st, 2027\n\n1\n\nWed\n\n0 events on Thursday, December 2nd, 2027\n\n2\n\nThu\n\n0 events on Friday, December 3rd, 2027\n\n3\n\nFri\n\n0 events on Saturday, December 4th, 2027\n\n4\n\nSat\n\n0 events on Sunday, December 5th, 2027\n\n5\n\nSun\n\n0 events on Monday, December 6th, 2027\n\n6\n\nMon\n\n0 events on Tuesday, December 7th, 2027\n\n7\n\nTue\n\n0 events on Wednesday, December 8th, 2027\n\n8\n\nWed\n\n0 events on Thursday, December 9th, 2027\n\n9\n\nThu\n\n0 events on Friday, December 10th, 2027\n\n10\n\nFri\n\n0 events on Saturday, December 11th, 2027\n\n11\n\nSat\n\n0 events on Sunday, December 12th, 2027\n\n12\n\nSun\n\n0 events on Monday, December 13th, 2027\n\n13\n\nMon\n\n0 events on Tuesday, December 14th, 2027\n\n14\n\nTue\n\n0 events on Wednesday, December 15th, 2027\n\n15\n\nWed\n\n0 events on Thursday, December 16th, 2027\n\n16\n\nThu\n\n0 events on Friday, December 17th, 2027\n\n17\n\nFri\n\n0 events on Saturday, December 18th, 2027\n\n18\n\nSat\n\n0 events on Sunday, December 19th, 2027\n\n19\n\nSun\n\n0 events on Monday, December 20th, 2027\n\n20\n\nMon\n\n0 events on Tuesday, December 21st, 2027\n\n21\n\nTue\n\n0 events on Wednesday, December 22nd, 2027\n\n22\n\nWed\n\n0 events on Thursday, December 23rd, 2027\n\n23\n\nThu\n\n0 events on Friday, December 24th, 2027\n\n24\n\nFri\n\n0 events on Saturday, December 25th, 2027\n\n25\n\nSat\n\n0 events on Sunday, December 26th, 2027\n\n26\n\nSun\n\n0 events on Monday, December 27th, 2027\n\n27\n\nMon\n\n0 events on Tuesday, December 28th, 2027\n\n28\n\nTue\n\n0 events on Wednesday, December 29th, 2027\n\n29\n\nWed\n\n0 events on Thursday, December 30th, 2027\n\n30\n\nThu\n\n0 events on Friday, December 31st, 2027\n\n31\n\nFri\n×",
      "hash": "bf6f46f758f0",
      "downloadedAt": "2026-01-19T02:10:08.048Z",
      "trimmedAt": "2026-01-19T02:26:02.425Z",
      "sizeReduction": "89.7%"
    }
  ],
  "sizeReduction": "93.8%"
}